-- phpMyAdmin SQL Dump
-- version 4.8.0.1
-- https://www.phpmyadmin.net/
--
-- Host: 127.0.0.1
-- Generation Time: Oct 08, 2024 at 02:32 AM
-- Server version: 10.1.32-MariaDB
-- PHP Version: 7.2.5

SET SQL_MODE = "NO_AUTO_VALUE_ON_ZERO";
SET AUTOCOMMIT = 0;
START TRANSACTION;
SET time_zone = "+00:00";


/*!40101 SET @OLD_CHARACTER_SET_CLIENT=@@CHARACTER_SET_CLIENT */;
/*!40101 SET @OLD_CHARACTER_SET_RESULTS=@@CHARACTER_SET_RESULTS */;
/*!40101 SET @OLD_COLLATION_CONNECTION=@@COLLATION_CONNECTION */;
/*!40101 SET NAMES utf8mb4 */;

--
-- Database: `21_cse`
--

-- --------------------------------------------------------

--
-- Table structure for table `cse_1_1`
--

CREATE TABLE `cse_1_1` (
  `register_number` char(10) NOT NULL,
  `full_name` varchar(20) NOT NULL,
  `communicative_english` char(1) DEFAULT NULL,
  `mathematics_1` char(1) DEFAULT NULL,
  `applied_physics` char(1) DEFAULT NULL,
  `programming_c` char(1) DEFAULT NULL,
  `computer_engg_workshop` char(1) DEFAULT NULL,
  `english_comm_lab` char(1) DEFAULT NULL,
  `applied_physics_lab` char(1) DEFAULT NULL,
  `programming_c_lab` char(1) DEFAULT NULL,
  `sgpa` float DEFAULT NULL,
  `percentage` float DEFAULT NULL
) ENGINE=InnoDB DEFAULT CHARSET=latin1;

--
-- Dumping data for table `cse_1_1`
--

INSERT INTO `cse_1_1` (`register_number`, `full_name`, `communicative_english`, `mathematics_1`, `applied_physics`, `programming_c`, `computer_engg_workshop`, `english_comm_lab`, `applied_physics_lab`, `programming_c_lab`, `sgpa`, `percentage`) VALUES
('21991A0501', 'K. Manasa', 'D', 'B', 'C', 'B', 'F', 'D', 'C', 'C', 6.58, 80.42),
('21991A0502', 'P. Sai Surya', 'F', 'A', 'F', 'B', 'D', 'D', 'C', 'A', 8.85, 93.21),
('21991A0503', 'K. Aswini', 'A', 'F', 'A', 'C', 'D', 'D', 'D', 'C', 6.07, 65.52),
('21991A0504', 'D. Jaya Surya', 'A', 'B', 'F', 'C', 'A', 'A', 'C', 'A', 6.96, 67.45),
('21991A0505', 'G. Pujitha', 'C', 'A', 'C', 'A', 'C', 'D', 'A', 'C', 6.94, 71.72),
('21991A0506', 'S. Sandhya Rani', 'B', 'C', 'F', 'B', 'F', 'B', 'D', 'B', 9.42, 89.42),
('21991A0507', 'V. Govinda', 'B', 'F', 'B', 'A', 'C', 'D', 'F', 'F', 6.51, 91),
('21991A0508', 'L. Ramana', 'A', 'C', 'D', 'C', 'A', 'D', 'C', 'D', 6.25, 74.02),
('21991A0509', 'S. Suresh', 'B', 'C', 'F', 'F', 'A', 'A', 'C', 'D', 8.18, 75.68),
('21991A0510', 'B. Geetha', 'B', 'A', 'D', 'A', 'D', 'A', 'C', 'C', 6.95, 93.22),
('21991A0511', 'K. Naveen', 'A', 'D', 'C', 'B', 'F', 'D', 'B', 'A', 7.85, 81.12),
('21991A0512', 'S. Neelima', 'C', 'B', 'A', 'B', 'C', 'A', 'C', 'B', 7.18, 88.73),
('21991A0513', 'T. Bagya Laxmi', 'F', 'F', 'B', 'A', 'A', 'F', 'A', 'A', 6.53, 65.44),
('21991A0514', 'P. Susmitha', 'D', 'C', 'D', 'A', 'F', 'A', 'B', 'D', 6.11, 71.63),
('21991A0515', 'G. Renuka', 'B', 'D', 'F', 'A', 'A', 'C', 'D', 'C', 8.21, 85.32),
('21991A0516', 'G. Indumathi', 'B', 'A', 'A', 'C', 'D', 'B', 'B', 'A', 7.96, 77.58),
('21991A0517', 'M. Karteek', 'A', 'C', 'F', 'D', 'A', 'A', 'F', 'B', 7.12, 82.69),
('21991A0518', 'S. Esmani', 'F', 'A', 'D', 'F', 'C', 'C', 'C', 'D', 7.01, 79.65),
('21991A0519', 'V. Narayana Kushal', 'C', 'F', 'F', 'C', 'F', 'A', 'D', 'A', 6.97, 66.23),
('21991A0520', 'J. Sai Aditya Vardha', 'C', 'C', 'A', 'C', 'D', 'F', 'A', 'B', 7.02, 70.59),
('21991A0521', 'K. Hemanth', 'B', 'C', 'A', 'D', 'A', 'C', 'D', 'B', 6.9, 78.34),
('21991A0522', 'M. Pavithra Devi', 'C', 'D', 'B', 'A', 'C', 'A', 'C', 'A', 7.31, 85.49),
('21991A0523', 'B. Manasa', 'D', 'A', 'C', 'F', 'A', 'B', 'A', 'D', 7.82, 76.18),
('21991A0524', 'S. Paresh', 'A', 'B', 'F', 'B', 'F', 'A', 'D', 'C', 8.43, 89.82),
('21991A0525', 'V. Premalatha', 'F', 'D', 'C', 'B', 'D', 'C', 'C', 'A', 6.21, 68.29),
('21991A0526', 'S. Sowjanya', 'B', 'B', 'D', 'A', 'A', 'B', 'C', 'F', 7.48, 82.93),
('21991A0527', 'B. Simhadri', 'C', 'C', 'F', 'C', 'B', 'D', 'B', 'B', 7.22, 74.56),
('21991A0528', 'E. Praveen', 'D', 'A', 'A', 'A', 'B', 'A', 'F', 'C', 7.58, 84.34),
('21991A0529', 'K. Ankitha', 'C', 'F', 'C', 'C', 'D', 'B', 'A', 'C', 8.12, 77.01),
('21991A0530', 'Ch. Lavanya', 'A', 'C', 'A', 'F', 'A', 'C', 'C', 'F', 6.68, 88.19),
('21991A0531', 'D. Anil', 'B', 'A', 'C', 'B', 'B', 'A', 'D', 'B', 7.76, 90.47),
('21991A0532', 'G. Krishna Vamsi', 'C', 'C', 'B', 'F', 'A', 'C', 'D', 'D', 8.34, 89.1),
('21991A0533', 'N. Lokesh', 'F', 'B', 'C', 'C', 'F', 'D', 'B', 'C', 7.35, 79.25),
('21991A0534', 'D. Vasu', 'A', 'A', 'F', 'B', 'D', 'B', 'C', 'A', 6.22, 70.43),
('21991A0535', 'S. Ganesh', 'D', 'D', 'A', 'D', 'F', 'C', 'C', 'B', 8.41, 91.58),
('21991A0536', 'N. Manmadharao', 'C', 'A', 'D', 'C', 'B', 'F', 'A', 'A', 7.91, 86.71),
('21991A0537', 'L. Kavya', 'C', 'D', 'A', 'F', 'C', 'B', 'C', 'B', 7.52, 79.39),
('21991A0538', 'K. Lavanya', 'A', 'C', 'C', 'B', 'C', 'D', 'F', 'B', 7.01, 75.49),
('21991A0539', 'G. Sumanth Varma', 'B', 'B', 'A', 'A', 'D', 'C', 'D', 'A', 7.89, 81.25),
('21991A0540', 'G. Chandrika', 'F', 'D', 'C', 'F', 'C', 'A', 'D', 'F', 6.35, 69.42),
('21991A0541', 'L. Durgamma', 'A', 'A', 'D', 'B', 'D', 'C', 'B', 'D', 7.56, 82.61),
('21991A0542', 'V. Chiranjeevi', 'D', 'B', 'C', 'A', 'A', 'F', 'A', 'D', 7.99, 87.35),
('21991A0543', 'V. Venu', 'A', 'C', 'A', 'F', 'D', 'B', 'C', 'A', 6.81, 88.25),
('21991A0544', 'N. Lakshmanarao', 'B', 'B', 'C', 'A', 'C', 'D', 'D', 'F', 8.22, 93.58),
('21991A0545', 'J. Chandana', 'C', 'F', 'B', 'C', 'B', 'C', 'F', 'A', 7.16, 73.48),
('21991A0546', 'L. Santosamma', 'A', 'D', 'B', 'D', 'F', 'A', 'B', 'C', 7.63, 82.12),
('21991A0547', 'P. Sri Tulasi', 'D', 'C', 'D', 'B', 'F', 'C', 'A', 'C', 7.22, 69.88),
('21991A0548', 'Ch. Pavani', 'B', 'D', 'F', 'D', 'A', 'B', 'B', 'F', 6.68, 80.61),
('21991A0549', 'B. Sri Sai Praneeth', 'C', 'B', 'C', 'C', 'A', 'C', 'F', 'B', 7.42, 85.28),
('21991A0550', 'M. Sai Sree', 'F', 'A', 'B', 'A', 'A', 'B', 'F', 'C', 7.31, 81.46),
('21991A0551', 'M. Sanjay Kumar Naid', 'D', 'D', 'D', 'B', 'C', 'F', 'A', 'F', 8.58, 90.94),
('21991A0552', 'M. Laxmi Gayathri', 'C', 'C', 'F', 'C', 'B', 'D', 'A', 'F', 8.39, 92.88),
('21991A0553', 'K. Narendra', 'A', 'A', 'B', 'D', 'A', 'A', 'B', 'B', 6.69, 74.15),
('21991A0554', 'B. Jeevan', 'D', 'C', 'F', 'C', 'F', 'C', 'B', 'F', 7.61, 86.58),
('21991A0555', 'A. Prasad', 'A', 'B', 'A', 'D', 'A', 'A', 'C', 'F', 8.12, 89.68),
('21991A0556', 'G. Ramya', 'C', 'B', 'F', 'B', 'A', 'C', 'A', 'F', 7.49, 83.14),
('21991A0557', 'T. Sai Nithin', 'A', 'D', 'D', 'C', 'C', 'F', 'D', 'B', 7.65, 80.21),
('21991A0558', 'P. Murari', 'C', 'F', 'A', 'D', 'D', 'B', 'C', 'D', 6.93, 66.43),
('21991A0559', 'P. Venkatesh', 'B', 'B', 'C', 'A', 'D', 'A', 'A', 'C', 6.43, 84.12),
('21991A0560', 'L. Abhishek', 'C', 'D', 'C', 'B', 'A', 'D', 'F', 'A', 8.17, 87.61),
('21991A0561', 'N. Mohan', 'F', 'F', 'A', 'D', 'B', 'F', 'A', 'C', 6.85, 80.14),
('21991A0562', 'P. Mohan Raju', 'D', 'B', 'B', 'C', 'F', 'C', 'D', 'B', 7.98, 85.18),
('21991A0563', 'S. Leela Prasad', 'A', 'A', 'D', 'B', 'A', 'F', 'C', 'C', 8.65, 91.02),
('21991A0564', 'B. Sirisha', 'F', 'B', 'C', 'C', 'F', 'D', 'B', 'A', 6.75, 82.48),
('21991A0565', 'G. Sravani', 'B', 'D', 'D', 'D', 'C', 'A', 'B', 'A', 7.12, 86.89),
('21991A0566', 'K. Sirisha', 'A', 'F', 'A', 'B', 'D', 'F', 'D', 'B', 7.83, 81.78),
('21991A0567', 'K. Durga Prasad', 'B', 'A', 'A', 'D', 'B', 'C', 'C', 'D', 8.03, 89.19),
('21991A0568', 'B. Sahithi Supriya', 'A', 'A', 'D', 'B', 'A', 'C', 'A', 'D', 8.32, 83.42),
('21991A0569', 'G. Lalitha', 'D', 'F', 'B', 'D', 'C', 'D', 'F', 'A', 8.45, 91.36),
('21991A0570', 'M. Sravani', 'C', 'D', 'D', 'A', 'A', 'D', 'F', 'F', 6.39, 68.12),
('21991A0571', 'Ch. Sai Saranya', 'B', 'C', 'A', 'C', 'F', 'C', 'D', 'A', 8.78, 92.18),
('21991A0572', 'P. Lokesh', 'A', 'A', 'C', 'F', 'D', 'A', 'C', 'A', 7.39, 85.17),
('21991A0573', 'Y. Pawan Kumar', 'C', 'F', 'A', 'D', 'B', 'D', 'A', 'F', 6.85, 82.39),
('21991A0574', 'K. Nikhitha', 'B', 'D', 'A', 'C', 'A', 'C', 'D', 'B', 8.18, 79.41),
('21991A0575', 'G. Vamsi', 'A', 'A', 'F', 'D', 'F', 'C', 'C', 'A', 7.89, 88.94),
('21991A0576', 'B. Teja', 'B', 'A', 'A', 'A', 'D', 'B', 'F', 'F', 6.47, 90.02),
('21991A0577', 'Ch. Rupavathi', 'F', 'A', 'F', 'B', 'A', 'A', 'A', 'D', 7.99, 88.25),
('21991A0578', 'B. Sandeep', 'A', 'F', 'B', 'C', 'C', 'D', 'F', 'A', 7.12, 86.15),
('21991A0579', 'V. Jyothi', 'B', 'A', 'C', 'A', 'A', 'D', 'C', 'A', 8.25, 88.53),
('21991A0581', 'T. Sai Kiran', 'F', 'D', 'B', 'A', 'F', 'C', 'B', 'A', 7.45, 87.64),
('21991A0582', 'K. Hemalatha', 'C', 'C', 'F', 'D', 'A', 'D', 'B', 'D', 6.91, 82.73),
('21991A0583', 'T. Mohan', 'A', 'A', 'D', 'A', 'A', 'C', 'D', 'B', 7.66, 81.57),
('21991A0584', 'Y. Prajwala', 'B', 'D', 'A', 'F', 'D', 'A', 'A', 'C', 8.35, 88.69),
('21991A0585', 'B. Bhavani', 'D', 'B', 'C', 'A', 'D', 'D', 'F', 'B', 7.56, 85.19),
('21991A0586', 'P. Padmini Prasana', 'C', 'F', 'C', 'B', 'D', 'A', 'C', 'A', 8.12, 84.96),
('21991A0587', 'M. Narendra', 'A', 'B', 'F', 'D', 'F', 'D', 'A', 'C', 7.32, 82.43),
('21991A0588', 'P. Sowmya', 'B', 'C', 'A', 'C', 'F', 'B', 'D', 'C', 6.58, 69.86),
('21991A0589', 'B. Jogendra Kumar', 'F', 'B', 'F', 'A', 'A', 'D', 'C', 'B', 6.97, 79.35),
('21991A0590', 'L. Hemalatha', 'B', 'A', 'B', 'C', 'D', 'A', 'F', 'D', 8.43, 91.78),
('21991A0591', 'K. Vinay', 'A', 'F', 'C', 'A', 'C', 'D', 'D', 'B', 7.61, 85.42),
('21991A0592', 'Y. Narendra', 'B', 'F', 'D', 'B', 'F', 'D', 'A', 'F', 7.12, 81.14),
('21991A0593', 'B. Sandeep', 'D', 'B', 'B', 'C', 'F', 'C', 'A', 'F', 8.59, 90.85),
('21991A0594', 'B. Aiswarya', 'C', 'D', 'B', 'A', 'A', 'D', 'F', 'C', 8.16, 84.17),
('21991A0595', 'P. Ganesh', 'A', 'F', 'C', 'A', 'F', 'D', 'A', 'A', 7.69, 82.41),
('21991A0596', 'A. Akshitha', 'C', 'F', 'B', 'C', 'F', 'D', 'A', 'F', 7.22, 78.24),
('21991A0597', 'S. Kuladeep Yadav', 'F', 'B', 'C', 'F', 'D', 'C', 'A', 'D', 8.53, 88.12),
('21991A0598', 'K. Ganesh', 'B', 'A', 'D', 'C', 'A', 'D', 'C', 'F', 7.39, 85.47),
('21991A0599', 'L. Ravi Kumar', 'C', 'F', 'F', 'A', 'C', 'D', 'D', 'B', 7.89, 81.64),
('21991A05A0', 'B. Nikhil', 'F', 'D', 'B', 'A', 'F', 'B', 'A', 'C', 7.82, 84.16),
('21991A05A1', 'S. Nikhila', 'B', 'F', 'C', 'C', 'B', 'D', 'F', 'A', 8.11, 85.47),
('21991A05A2', 'K. Saiheemanth', 'D', 'A', 'A', 'C', 'A', 'A', 'A', 'D', 6.79, 90.18),
('22995A0501', 'Ch. Jeevith', 'A', 'D', 'C', 'B', 'C', 'D', 'F', 'A', 6.74, 85.47),
('22995A0504', 'N. Saikrishna', 'C', 'F', 'D', 'B', 'B', 'C', 'A', 'C', 7.64, 88.56),
('22995A0505', 'D. Tirupathi Rao', 'A', 'D', 'B', 'F', 'F', 'C', 'B', 'A', 7.87, 80.45),
('22995A0506', 'J. Sai Sashank', 'B', 'F', 'F', 'A', 'D', 'F', 'C', 'C', 7.88, 89.49),
('22995A0507', 'P. Rahul', 'F', 'C', 'A', 'A', 'A', 'B', 'B', 'F', 6.35, 80.24),
('22995A0508', 'K. Rakesh', 'D', 'D', 'C', 'C', 'D', 'A', 'C', 'A', 6.82, 81.92),
('22995A0509', 'K. Bharath', 'C', 'A', 'B', 'D', 'C', 'C', 'B', 'D', 7.89, 87.42),
('22995A0510', 'U. Jagadeesh', 'C', 'F', 'A', 'A', 'D', 'B', 'F', 'C', 8.54, 83.29),
('22995A0511', 'Ch. Tirumala Rao', 'F', 'C', 'A', 'D', 'C', 'C', 'D', 'B', 6.76, 82.46),
('22995A0512', 'P. Mahesh', 'A', 'F', 'A', 'D', 'B', 'F', 'A', 'D', 7.82, 87.51),
('22995A0513', 'M. Ravi Teja', 'C', 'B', 'A', 'A', 'C', 'F', 'B', 'C', 7.95, 83.27);

-- --------------------------------------------------------

--
-- Table structure for table `cse_1_2`
--

CREATE TABLE `cse_1_2` (
  `register_number` char(10) NOT NULL,
  `full_name` varchar(20) NOT NULL,
  `Mathematics_2` char(1) DEFAULT NULL,
  `Applied_Chemistry` char(1) DEFAULT NULL,
  `Computer_Organization` char(1) DEFAULT NULL,
  `Python_Programming` char(1) DEFAULT NULL,
  `Data_Structures` char(1) DEFAULT NULL,
  `Applied_Chemistry_Lab` char(1) DEFAULT NULL,
  `Python_Programming_Lab` char(1) DEFAULT NULL,
  `Data_Structures_Lab` char(1) DEFAULT NULL,
  `Environment_Science` char(1) DEFAULT NULL,
  `sgpa` float DEFAULT NULL,
  `percentage` float DEFAULT NULL
) ENGINE=InnoDB DEFAULT CHARSET=utf8mb4;

--
-- Dumping data for table `cse_1_2`
--

INSERT INTO `cse_1_2` (`register_number`, `full_name`, `Mathematics_2`, `Applied_Chemistry`, `Computer_Organization`, `Python_Programming`, `Data_Structures`, `Applied_Chemistry_Lab`, `Python_Programming_Lab`, `Data_Structures_Lab`, `Environment_Science`, `sgpa`, `percentage`) VALUES
('21991A0501', 'K. Manasa', 'A', 'B', 'B', 'A', 'C', 'A', 'B', 'A', 'B', 8.5, 85),
('21991A0502', 'P. Sai Surya', 'B', 'B', 'C', 'B', 'C', 'B', 'C', 'B', 'B', 7.5, 75),
('21991A0503', 'K. Aswini', 'A', 'A', 'B', 'A', 'A', 'A', 'B', 'B', 'B', 9, 90),
('21991A0504', 'D. Jaya Surya', 'B', 'C', 'C', 'B', 'C', 'B', 'B', 'C', 'B', 6.5, 65),
('21991A0505', 'G. Pujitha', 'C', 'B', 'B', 'C', 'B', 'C', 'B', 'C', 'B', 7, 70),
('21991A0506', 'S. Sandhya Rani', 'A', 'A', 'A', 'B', 'A', 'A', 'A', 'A', 'A', 9.5, 95),
('21991A0507', 'V. Govinda', 'B', 'B', 'C', 'B', 'C', 'B', 'B', 'B', 'B', 7, 70),
('21991A0508', 'L. Ramana', 'B', 'C', 'B', 'C', 'B', 'C', 'B', 'C', 'B', 6.5, 65),
('21991A0509', 'S. Suresh', 'C', 'C', 'B', 'B', 'C', 'B', 'B', 'B', 'B', 6.5, 65),
('21991A0510', 'B. Geetha', 'A', 'A', 'A', 'A', 'A', 'A', 'A', 'A', 'A', 9.5, 95),
('21991A0511', 'K. Naveen', 'B', 'B', 'B', 'B', 'B', 'B', 'B', 'B', 'B', 7, 70),
('21991A0512', 'S. Neelima', 'A', 'B', 'C', 'A', 'B', 'A', 'B', 'A', 'A', 8, 80),
('21991A0513', 'T. Bagya Laxmi', 'C', 'C', 'B', 'C', 'C', 'B', 'C', 'C', 'C', 6, 60),
('21991A0514', 'P. Susmitha', 'B', 'B', 'B', 'B', 'B', 'B', 'B', 'B', 'B', 7, 70),
('21991A0515', 'G. Renuka', 'A', 'A', 'A', 'A', 'A', 'A', 'A', 'A', 'A', 9.5, 95),
('21991A0516', 'G. Indumathi', 'B', 'B', 'C', 'B', 'C', 'B', 'B', 'B', 'B', 7, 70),
('21991A0517', 'M. Karteek', 'A', 'A', 'B', 'A', 'A', 'A', 'A', 'A', 'A', 9, 90),
('21991A0518', 'S. Esmani', 'B', 'B', 'C', 'B', 'C', 'B', 'B', 'B', 'B', 7, 70),
('21991A0519', 'V. Narayana Kushal', 'C', 'C', 'B', 'B', 'C', 'B', 'B', 'B', 'B', 6.5, 65),
('21991A0520', 'J. Sai Aditya Vardha', 'A', 'A', 'A', 'A', 'A', 'A', 'A', 'A', 'A', 9.5, 95),
('21991A0521', 'K. Hemanth', 'B', 'B', 'B', 'B', 'B', 'B', 'B', 'B', 'B', 7, 70),
('21991A0522', 'M. Pavithra Devi', 'A', 'B', 'C', 'A', 'B', 'A', 'B', 'A', 'A', 8, 80),
('21991A0523', 'B. Manasa', 'C', 'C', 'B', 'C', 'C', 'B', 'C', 'C', 'C', 6, 60),
('21991A0524', 'S. Paresh', 'B', 'B', 'B', 'B', 'B', 'B', 'B', 'B', 'B', 7, 70),
('21991A0525', 'V. Premalatha', 'A', 'A', 'A', 'A', 'A', 'A', 'A', 'A', 'A', 9.5, 95),
('21991A0526', 'S. Sowjanya', 'B', 'B', 'C', 'B', 'C', 'B', 'B', 'B', 'B', 7, 70),
('21991A0527', 'B. Simhadri', 'A', 'A', 'B', 'A', 'A', 'A', 'A', 'A', 'A', 9, 90),
('21991A0528', 'E. Praveen', 'B', 'B', 'C', 'B', 'C', 'B', 'B', 'B', 'B', 7, 70),
('21991A0529', 'K. Ankitha', 'A', 'B', 'B', 'A', 'B', 'A', 'B', 'A', 'A', 8, 80),
('21991A0530', 'Ch. Lavanya', 'C', 'C', 'B', 'C', 'C', 'B', 'C', 'C', 'C', 6, 60),
('21991A0531', 'D. Anil', 'B', 'B', 'B', 'B', 'B', 'B', 'B', 'B', 'B', 7, 70),
('21991A0532', 'G. Krishna Vamsi', 'A', 'A', 'A', 'A', 'A', 'A', 'A', 'A', 'A', 9.5, 95),
('21991A0533', 'N. Lokesh', 'B', 'B', 'C', 'B', 'C', 'B', 'B', 'B', 'B', 7, 70),
('21991A0534', 'D. Vasu', 'A', 'A', 'B', 'A', 'A', 'A', 'A', 'A', 'A', 9, 90),
('21991A0535', 'S. Ganesh', 'B', 'B', 'C', 'B', 'C', 'B', 'B', 'B', 'B', 7, 70),
('21991A0536', 'N. Manmadharao', 'A', 'A', 'A', 'A', 'A', 'A', 'A', 'A', 'A', 9.5, 95),
('21991A0537', 'L. Kavya', 'B', 'B', 'C', 'B', 'C', 'B', 'B', 'B', 'B', 7, 70),
('21991A0538', 'K. Lavanya', 'A', 'A', 'B', 'A', 'A', 'A', 'A', 'A', 'A', 9, 90),
('21991A0539', 'G. Sumanth Varma', 'B', 'B', 'C', 'B', 'C', 'B', 'B', 'B', 'B', 7, 70),
('21991A0540', 'G. Chandrika', 'A', 'A', 'A', 'A', 'A', 'A', 'A', 'A', 'A', 9.5, 95),
('21991A0541', 'L. Durgamma', 'B', 'B', 'B', 'B', 'B', 'B', 'B', 'B', 'B', 7, 70),
('21991A0542', 'V. Chiranjeevi', 'A', 'A', 'A', 'A', 'A', 'A', 'A', 'A', 'A', 9.5, 95),
('21991A0543', 'V. Venu', 'B', 'B', 'C', 'B', 'C', 'B', 'B', 'B', 'B', 7, 70),
('21991A0544', 'N. Lakshmanarao', 'A', 'A', 'B', 'A', 'A', 'A', 'A', 'A', 'A', 9, 90),
('21991A0545', 'J. Chandana', 'B', 'B', 'C', 'B', 'C', 'B', 'B', 'B', 'B', 7, 70),
('21991A0546', 'L. Santosamma', 'A', 'A', 'A', 'A', 'A', 'A', 'A', 'A', 'A', 9.5, 95),
('21991A0547', 'P. Sri Tulasi', 'B', 'B', 'B', 'B', 'B', 'B', 'B', 'B', 'B', 7, 70),
('21991A0548', 'Ch. Pavani', 'A', 'A', 'A', 'A', 'A', 'A', 'A', 'A', 'A', 9.5, 95),
('21991A0549', 'B. Sri Sai Praneeth', 'B', 'B', 'C', 'B', 'C', 'B', 'B', 'B', 'B', 7, 70),
('21991A0550', 'M. Sai Sree', 'A', 'A', 'A', 'A', 'A', 'A', 'A', 'A', 'A', 9.5, 95),
('21991A0551', 'M. Sanjay Kumar Naid', 'B', 'B', 'B', 'B', 'B', 'B', 'B', 'B', 'B', 7, 70),
('21991A0552', 'M. Laxmi Gayathri', 'A', 'A', 'A', 'A', 'A', 'A', 'A', 'A', 'A', 9.5, 95),
('21991A0553', 'K. Narendra', 'B', 'B', 'C', 'B', 'C', 'B', 'B', 'B', 'B', 7, 70),
('21991A0554', 'B. Jeevan', 'A', 'A', 'A', 'A', 'A', 'A', 'A', 'A', 'A', 9.5, 95),
('21991A0555', 'A. Prasad', 'B', 'B', 'B', 'B', 'B', 'B', 'B', 'B', 'B', 7, 70),
('21991A0556', 'G. Ramya', 'A', 'A', 'A', 'A', 'A', 'A', 'A', 'A', 'A', 9.5, 95),
('21991A0557', 'T. Sai Nithin', 'B', 'B', 'C', 'B', 'C', 'B', 'B', 'B', 'B', 7, 70),
('21991A0558', 'P. Murari', 'A', 'A', 'A', 'A', 'A', 'A', 'A', 'A', 'A', 9.5, 95),
('21991A0559', 'P. Venkatesh', 'B', 'B', 'B', 'B', 'B', 'B', 'B', 'B', 'B', 7, 70),
('21991A0560', 'L. Abhishek', 'A', 'A', 'A', 'A', 'A', 'A', 'A', 'A', 'A', 9.5, 95),
('21991A0561', 'N. Mohan', 'B', 'B', 'C', 'B', 'C', 'B', 'B', 'B', 'B', 7, 70),
('21991A0562', 'P. Mohan Raju', 'A', 'A', 'A', 'A', 'A', 'A', 'A', 'A', 'A', 9.5, 95),
('21991A0563', 'S. Leela Prasad', 'B', 'B', 'B', 'B', 'B', 'B', 'B', 'B', 'B', 7, 70),
('21991A0564', 'B. Sirisha', 'A', 'A', 'A', 'A', 'A', 'A', 'A', 'A', 'A', 9.5, 95),
('21991A0565', 'G. Sravani', 'B', 'B', 'C', 'B', 'C', 'B', 'B', 'B', 'B', 7, 70),
('21991A0566', 'K. Sirisha', 'A', 'A', 'A', 'A', 'A', 'A', 'A', 'A', 'A', 9.5, 95),
('21991A0567', 'K. Durga Prasad', 'B', 'B', 'B', 'B', 'B', 'B', 'B', 'B', 'B', 7, 70),
('21991A0568', 'B. Sahithi Supriya', 'A', 'A', 'A', 'A', 'A', 'A', 'A', 'A', 'A', 9.5, 95),
('21991A0569', 'G. Lalitha', 'B', 'B', 'C', 'B', 'C', 'B', 'B', 'B', 'B', 7, 70),
('21991A0570', 'M. Sravani', 'A', 'A', 'A', 'A', 'A', 'A', 'A', 'A', 'A', 9.5, 95),
('21991A0571', 'Ch. Sai Saranya', 'B', 'B', 'B', 'B', 'B', 'B', 'B', 'B', 'B', 7, 70),
('21991A0572', 'P. Lokesh', 'A', 'A', 'A', 'A', 'A', 'A', 'A', 'A', 'A', 9.5, 95),
('21991A0573', 'Y. Pawan Kumar', 'B', 'B', 'C', 'B', 'C', 'B', 'B', 'B', 'B', 7, 70),
('21991A0574', 'K. Nikhitha', 'A', 'A', 'B', 'A', 'A', 'A', 'A', 'A', 'A', 9, 90),
('21991A0575', 'G. Vamsi', 'B', 'B', 'C', 'B', 'C', 'B', 'B', 'B', 'B', 7, 70),
('21991A0576', 'B. Teja', 'A', 'A', 'A', 'A', 'A', 'A', 'A', 'A', 'A', 9.5, 95),
('21991A0577', 'Ch. Rupavathi', 'B', 'B', 'B', 'B', 'B', 'B', 'B', 'B', 'B', 7, 70),
('21991A0578', 'B. Sandeep', 'A', 'A', 'A', 'A', 'A', 'A', 'A', 'A', 'A', 9.5, 95),
('21991A0579', 'V. Jyothi', 'B', 'B', 'B', 'B', 'B', 'B', 'B', 'B', 'B', 7, 70),
('21991A0581', 'T. Sai Kiran', 'A', 'A', 'A', 'A', 'A', 'A', 'A', 'A', 'A', 9.5, 95),
('21991A0582', 'K. Hemalatha', 'B', 'B', 'C', 'B', 'C', 'B', 'B', 'B', 'B', 7, 70),
('21991A0583', 'T. Mohan', 'A', 'A', 'A', 'A', 'A', 'A', 'A', 'A', 'A', 9.5, 95),
('21991A0584', 'Y. Prajwala', 'B', 'B', 'B', 'B', 'B', 'B', 'B', 'B', 'B', 7, 70),
('21991A0585', 'B. Bhavani', 'A', 'A', 'A', 'A', 'A', 'A', 'A', 'A', 'A', 9.5, 95),
('21991A0586', 'P. Padmini Prasana', 'B', 'B', 'C', 'B', 'C', 'B', 'B', 'B', 'B', 7, 70),
('21991A0587', 'M. Narendra', 'A', 'A', 'A', 'A', 'A', 'A', 'A', 'A', 'A', 9.5, 95),
('21991A0588', 'P. Sowmya', 'B', 'B', 'B', 'B', 'B', 'B', 'B', 'B', 'B', 7, 70),
('21991A0589', 'B. Jogendra Kumar', 'A', 'A', 'A', 'A', 'A', 'A', 'A', 'A', 'A', 9.5, 95),
('21991A0590', 'L. Hemalatha', 'B', 'B', 'B', 'B', 'B', 'B', 'B', 'B', 'B', 7, 70),
('21991A0591', 'K. Vinay', 'A', 'A', 'A', 'A', 'A', 'A', 'A', 'A', 'A', 9.5, 95),
('21991A0592', 'Y. Narendra', 'B', 'B', 'C', 'B', 'C', 'B', 'B', 'B', 'B', 7, 70),
('21991A0593', 'B. Sandeep', 'A', 'A', 'A', 'A', 'A', 'A', 'A', 'A', 'A', 9.5, 95),
('21991A0594', 'B. Aiswarya', 'B', 'B', 'B', 'B', 'B', 'B', 'B', 'B', 'B', 7, 70),
('21991A0595', 'P. Ganesh', 'A', 'A', 'A', 'A', 'A', 'A', 'A', 'A', 'A', 9.5, 95),
('21991A0596', 'A. Akshitha', 'B', 'B', 'B', 'B', 'B', 'B', 'B', 'B', 'B', 7, 70),
('21991A0597', 'S. Kuladeep Yadav', 'A', 'A', 'A', 'A', 'A', 'A', 'A', 'A', 'A', 9.5, 95),
('21991A0598', 'K. Ganesh', 'B', 'B', 'B', 'B', 'B', 'B', 'B', 'B', 'B', 7, 70),
('21991A0599', 'L. Ravi Kumar', 'A', 'A', 'A', 'A', 'A', 'A', 'A', 'A', 'A', 9.5, 95),
('21991A05A0', 'B. Nikhil', 'B', 'B', 'C', 'B', 'C', 'B', 'B', 'B', 'B', 7, 70),
('21991A05A1', 'S. Nikhila', 'A', 'A', 'A', 'A', 'A', 'A', 'A', 'A', 'A', 9.5, 95),
('21991A05A2', 'K. Saiheemanth', 'B', 'B', 'C', 'B', 'C', 'B', 'B', 'B', 'B', 7, 70),
('22995A0501', 'Ch. Jeevith', 'A', 'A', 'A', 'A', 'A', 'A', 'A', 'A', 'A', 9.5, 95),
('22995A0504', 'N. Saikrishna', 'B', 'B', 'B', 'B', 'B', 'B', 'B', 'B', 'B', 7, 70),
('22995A0505', 'D. Tirupathi Rao', 'A', 'A', 'A', 'A', 'A', 'A', 'A', 'A', 'A', 9.5, 95),
('22995A0506', 'J. Sai Sashank', 'A', 'A', 'B', 'A', 'A', 'A', 'A', 'A', 'A', 9, 90),
('22995A0507', 'P. Rahul', 'B', 'B', 'B', 'B', 'B', 'B', 'B', 'B', 'B', 7, 70),
('22995A0508', 'K. Rakesh', 'A', 'A', 'A', 'A', 'A', 'A', 'A', 'A', 'A', 9.5, 95),
('22995A0509', 'K. Bharath', 'B', 'B', 'B', 'B', 'B', 'B', 'B', 'B', 'B', 7, 70),
('22995A0510', 'U. Jagadeesh', 'A', 'A', 'A', 'A', 'A', 'A', 'A', 'A', 'A', 9.5, 95),
('22995A0511', 'Ch. Tirumala Rao', 'B', 'B', 'B', 'B', 'B', 'B', 'B', 'B', 'B', 7, 70),
('22995A0512', 'P. Mahesh', 'A', 'A', 'A', 'A', 'A', 'A', 'A', 'A', 'A', 9.5, 95),
('22995A0513', 'M. Ravi Teja', 'B', 'B', 'B', 'B', 'B', 'B', 'B', 'B', 'B', 7, 70);

-- --------------------------------------------------------

--
-- Table structure for table `cse_2_1`
--

CREATE TABLE `cse_2_1` (
  `register_number` char(10) NOT NULL,
  `full_name` varchar(20) NOT NULL,
  `Mathematics_3` char(1) DEFAULT NULL,
  `Object_Oriented_Programming_through_C++` char(1) DEFAULT NULL,
  `Operating_System` char(1) DEFAULT NULL,
  `Software_Engineering` char(1) DEFAULT NULL,
  `Mathematical_Foundations_of_Computer_Science` char(1) DEFAULT NULL,
  `Object_Oriented_Programming_through_C++_Lab` char(1) DEFAULT NULL,
  `Operating_System_Lab` char(1) DEFAULT NULL,
  `Software_Engineering_Lab` char(1) DEFAULT NULL,
  `Skill_Oriented_Course_1` char(1) DEFAULT NULL,
  `Constitution_of_India` char(1) DEFAULT NULL,
  `sgpa` float DEFAULT NULL,
  `percentage` float DEFAULT NULL
) ENGINE=InnoDB DEFAULT CHARSET=utf8mb4;

--
-- Dumping data for table `cse_2_1`
--

INSERT INTO `cse_2_1` (`register_number`, `full_name`, `Mathematics_3`, `Object_Oriented_Programming_through_C++`, `Operating_System`, `Software_Engineering`, `Mathematical_Foundations_of_Computer_Science`, `Object_Oriented_Programming_through_C++_Lab`, `Operating_System_Lab`, `Software_Engineering_Lab`, `Skill_Oriented_Course_1`, `Constitution_of_India`, `sgpa`, `percentage`) VALUES
('21991A0501', 'K. Manasa', 'A', 'A', 'A', 'A', 'A', 'A', 'A', 'A', 'A', 'A', 9.5, 95),
('21991A0502', 'P. Sai Surya', 'B', 'B', 'B', 'B', 'B', 'B', 'B', 'B', 'B', 'B', 7, 70),
('21991A0503', 'K. Aswini', 'A', 'A', 'A', 'A', 'A', 'A', 'A', 'A', 'A', 'A', 9.5, 95),
('21991A0504', 'D. Jaya Surya', 'B', 'B', 'B', 'B', 'B', 'B', 'B', 'B', 'B', 'B', 7, 70),
('21991A0505', 'G. Pujitha', 'A', 'A', 'A', 'A', 'A', 'A', 'A', 'A', 'A', 'A', 9.5, 95),
('21991A0506', 'S. Sandhya Rani', 'B', 'B', 'B', 'B', 'B', 'B', 'B', 'B', 'B', 'B', 7, 70),
('21991A0507', 'V. Govinda', 'A', 'A', 'A', 'A', 'A', 'A', 'A', 'A', 'A', 'A', 9.5, 95),
('21991A0508', 'L. Ramana', 'B', 'B', 'B', 'B', 'B', 'B', 'B', 'B', 'B', 'B', 7, 70),
('21991A0509', 'S. Suresh', 'A', 'A', 'A', 'A', 'A', 'A', 'A', 'A', 'A', 'A', 9.5, 95),
('21991A0510', 'B. Geetha', 'B', 'B', 'B', 'B', 'B', 'B', 'B', 'B', 'B', 'B', 7, 70),
('21991A0511', 'K. Naveen', 'A', 'A', 'A', 'A', 'A', 'A', 'A', 'A', 'A', 'A', 9.5, 95),
('21991A0512', 'S. Neelima', 'B', 'B', 'B', 'B', 'B', 'B', 'B', 'B', 'B', 'B', 7, 70),
('21991A0513', 'T. Bagya Laxmi', 'A', 'A', 'A', 'A', 'A', 'A', 'A', 'A', 'A', 'A', 9.5, 95),
('21991A0514', 'P. Susmitha', 'B', 'B', 'B', 'B', 'B', 'B', 'B', 'B', 'B', 'B', 7, 70),
('21991A0515', 'G. Renuka', 'A', 'A', 'A', 'A', 'A', 'A', 'A', 'A', 'A', 'A', 9.5, 95),
('21991A0516', 'G. Indumathi', 'B', 'B', 'B', 'B', 'B', 'B', 'B', 'B', 'B', 'B', 7, 70),
('21991A0517', 'M. Karteek', 'A', 'A', 'A', 'A', 'A', 'A', 'A', 'A', 'A', 'A', 9.5, 95),
('21991A0518', 'S. Esmani', 'B', 'B', 'B', 'B', 'B', 'B', 'B', 'B', 'B', 'B', 7, 70),
('21991A0519', 'V. Narayana Kushal', 'A', 'A', 'A', 'A', 'A', 'A', 'A', 'A', 'A', 'A', 9.5, 95),
('21991A0520', 'J. Sai Aditya Vardha', 'B', 'B', 'B', 'B', 'B', 'B', 'B', 'B', 'B', 'B', 7, 70),
('21991A0521', 'K. Hemanth', 'A', 'A', 'A', 'A', 'A', 'A', 'A', 'A', 'A', 'A', 9.5, 95),
('21991A0522', 'M. Pavithra Devi', 'B', 'B', 'B', 'B', 'B', 'B', 'B', 'B', 'B', 'B', 7, 70),
('21991A0523', 'B. Manasa', 'A', 'A', 'A', 'A', 'A', 'A', 'A', 'A', 'A', 'A', 9.5, 95),
('21991A0524', 'S. Paresh', 'B', 'B', 'B', 'B', 'B', 'B', 'B', 'B', 'B', 'B', 7, 70),
('21991A0525', 'V. Premalatha', 'A', 'A', 'A', 'A', 'A', 'A', 'A', 'A', 'A', 'A', 9.5, 95),
('21991A0526', 'S. Sowjanya', 'B', 'B', 'B', 'B', 'B', 'B', 'B', 'B', 'B', 'B', 7, 70),
('21991A0527', 'B. Simhadri', 'A', 'A', 'A', 'A', 'A', 'A', 'A', 'A', 'A', 'A', 9.5, 95),
('21991A0528', 'E. Praveen', 'B', 'B', 'B', 'B', 'B', 'B', 'B', 'B', 'B', 'B', 7, 70),
('21991A0529', 'K. Ankitha', 'A', 'A', 'A', 'A', 'A', 'A', 'A', 'A', 'A', 'A', 9.5, 95),
('21991A0530', 'Ch. Lavanya', 'B', 'B', 'B', 'B', 'B', 'B', 'B', 'B', 'B', 'B', 7, 70),
('21991A0531', 'D. Anil', 'A', 'A', 'A', 'A', 'A', 'A', 'A', 'A', 'A', 'A', 9.5, 95),
('21991A0532', 'G. Krishna Vamsi', 'B', 'B', 'B', 'B', 'B', 'B', 'B', 'B', 'B', 'B', 7, 70),
('21991A0533', 'N. Lokesh', 'A', 'A', 'A', 'A', 'A', 'A', 'A', 'A', 'A', 'A', 9.5, 95),
('21991A0534', 'D. Vasu', 'B', 'B', 'B', 'B', 'B', 'B', 'B', 'B', 'B', 'B', 7, 70),
('21991A0535', 'S. Ganesh', 'A', 'A', 'A', 'A', 'A', 'A', 'A', 'A', 'A', 'A', 9.5, 95),
('21991A0536', 'N. Manmadharao', 'B', 'B', 'B', 'B', 'B', 'B', 'B', 'B', 'B', 'B', 7, 70),
('21991A0537', 'L. Kavya', 'A', 'A', 'A', 'A', 'A', 'A', 'A', 'A', 'A', 'A', 9.5, 95),
('21991A0538', 'K. Lavanya', 'B', 'B', 'B', 'B', 'B', 'B', 'B', 'B', 'B', 'B', 7, 70),
('21991A0539', 'G. Sumanth Varma', 'A', 'A', 'A', 'A', 'A', 'A', 'A', 'A', 'A', 'A', 9.5, 95),
('21991A0540', 'G. Chandrika', 'B', 'B', 'B', 'B', 'B', 'B', 'B', 'B', 'B', 'B', 7, 70),
('21991A0541', 'L. Durgamma', 'A', 'A', 'A', 'A', 'A', 'A', 'A', 'A', 'A', 'A', 9.5, 95),
('21991A0542', 'V. Chiranjeevi', 'B', 'B', 'B', 'B', 'B', 'B', 'B', 'B', 'B', 'B', 7, 70),
('21991A0543', 'V. Venu', 'A', 'A', 'A', 'A', 'A', 'A', 'A', 'A', 'A', 'A', 9.5, 95),
('21991A0544', 'N. Lakshmanarao', 'B', 'B', 'B', 'B', 'B', 'B', 'B', 'B', 'B', 'B', 7, 70),
('21991A0545', 'J. Chandana', 'A', 'A', 'A', 'A', 'A', 'A', 'A', 'A', 'A', 'A', 9.5, 95),
('21991A0546', 'L. Santosamma', 'B', 'B', 'B', 'B', 'B', 'B', 'B', 'B', 'B', 'B', 7, 70),
('21991A0547', 'P. Sri Tulasi', 'A', 'A', 'A', 'A', 'A', 'A', 'A', 'A', 'A', 'A', 9.5, 95),
('21991A0548', 'Ch. Pavani', 'B', 'B', 'B', 'B', 'B', 'B', 'B', 'B', 'B', 'B', 7, 70),
('21991A0549', 'B. Sri Sai Praneeth', 'A', 'A', 'A', 'A', 'A', 'A', 'A', 'A', 'A', 'A', 9.5, 95),
('21991A0550', 'M. Sai Sree', 'B', 'B', 'B', 'B', 'B', 'B', 'B', 'B', 'B', 'B', 7, 70),
('21991A0551', 'M. Sanjay Kumar Naid', 'A', 'A', 'A', 'A', 'A', 'A', 'A', 'A', 'A', 'A', 9.5, 95),
('21991A0552', 'M. Laxmi Gayathri', 'B', 'B', 'B', 'B', 'B', 'B', 'B', 'B', 'B', 'B', 7, 70),
('21991A0553', 'K. Narendra', 'A', 'A', 'A', 'A', 'A', 'A', 'A', 'A', 'A', 'A', 9.5, 95),
('21991A0554', 'B. Jeevan', 'B', 'B', 'B', 'B', 'B', 'B', 'B', 'B', 'B', 'B', 7, 70),
('21991A0555', 'A. Prasad', 'A', 'A', 'A', 'A', 'A', 'A', 'A', 'A', 'A', 'A', 9.5, 95),
('21991A0556', 'G. Ramya', 'B', 'B', 'B', 'B', 'B', 'B', 'B', 'B', 'B', 'B', 7, 70),
('21991A0557', 'T. Sai Nithin', 'A', 'A', 'A', 'A', 'A', 'A', 'A', 'A', 'A', 'A', 9.5, 95),
('21991A0558', 'P. Murari', 'B', 'B', 'B', 'B', 'B', 'B', 'B', 'B', 'B', 'B', 7, 70),
('21991A0559', 'P. Venkatesh', 'A', 'A', 'A', 'A', 'A', 'A', 'A', 'A', 'A', 'A', 9.5, 95),
('21991A0560', 'L. Abhishek', 'B', 'B', 'B', 'B', 'B', 'B', 'B', 'B', 'B', 'B', 7, 70),
('21991A0561', 'N. Mohan', 'A', 'A', 'A', 'A', 'A', 'A', 'A', 'A', 'A', 'A', 9.5, 95),
('21991A0562', 'P. Mohan Raju', 'B', 'B', 'B', 'B', 'B', 'B', 'B', 'B', 'B', 'B', 7, 70),
('21991A0563', 'S. Leela Prasad', 'A', 'A', 'A', 'A', 'A', 'A', 'A', 'A', 'A', 'A', 9.5, 95),
('21991A0564', 'B. Sirisha', 'B', 'B', 'B', 'B', 'B', 'B', 'B', 'B', 'B', 'B', 7, 70),
('21991A0565', 'G. Sravani', 'A', 'A', 'A', 'A', 'A', 'A', 'A', 'A', 'A', 'A', 9.5, 95),
('21991A0566', 'K. Sirisha', 'B', 'B', 'B', 'B', 'B', 'B', 'B', 'B', 'B', 'B', 7, 70),
('21991A0567', 'K. Durga Prasad', 'A', 'A', 'A', 'A', 'A', 'A', 'A', 'A', 'A', 'A', 9.5, 95),
('21991A0568', 'B. Sahithi Supriya', 'B', 'B', 'B', 'B', 'B', 'B', 'B', 'B', 'B', 'B', 7, 70),
('21991A0569', 'G. Lalitha', 'A', 'A', 'A', 'A', 'A', 'A', 'A', 'A', 'A', 'A', 9.5, 95),
('21991A0570', 'M. Sravani', 'B', 'B', 'B', 'B', 'B', 'B', 'B', 'B', 'B', 'B', 7, 70),
('21991A0571', 'Ch. Sai Saranya', 'A', 'A', 'A', 'A', 'A', 'A', 'A', 'A', 'A', 'A', 9.5, 95),
('21991A0572', 'P. Lokesh', 'B', 'B', 'B', 'B', 'B', 'B', 'B', 'B', 'B', 'B', 7, 70),
('21991A0573', 'Y. Pawan Kumar', 'A', 'A', 'A', 'A', 'A', 'A', 'A', 'A', 'A', 'A', 9.5, 95),
('21991A0574', 'K. Nikhitha', 'B', 'B', 'B', 'B', 'B', 'B', 'B', 'B', 'B', 'B', 7, 70),
('21991A0575', 'G. Vamsi', 'A', 'A', 'A', 'A', 'A', 'A', 'A', 'A', 'A', 'A', 9.5, 95),
('21991A0576', 'B. Teja', 'B', 'B', 'B', 'B', 'B', 'B', 'B', 'B', 'B', 'B', 7, 70),
('21991A0577', 'Ch. Rupavathi', 'A', 'A', 'A', 'A', 'A', 'A', 'A', 'A', 'A', 'A', 9.5, 95),
('21991A0578', 'B. Sandeep', 'B', 'B', 'B', 'B', 'B', 'B', 'B', 'B', 'B', 'B', 7, 70),
('21991A0579', 'V. Jyothi', 'A', 'A', 'A', 'A', 'A', 'A', 'A', 'A', 'A', 'A', 9.5, 95),
('21991A0581', 'T. Sai Kiran', 'B', 'B', 'B', 'B', 'B', 'B', 'B', 'B', 'B', 'B', 7, 70),
('21991A0582', 'K. Hemalatha', 'A', 'A', 'A', 'A', 'A', 'A', 'A', 'A', 'A', 'A', 9.5, 95),
('21991A0583', 'T. Mohan', 'B', 'B', 'B', 'B', 'B', 'B', 'B', 'B', 'B', 'B', 7, 70),
('21991A0584', 'Y. Prajwala', 'A', 'A', 'A', 'A', 'A', 'A', 'A', 'A', 'A', 'A', 9.5, 95),
('21991A0585', 'B. Bhavani', 'B', 'B', 'B', 'B', 'B', 'B', 'B', 'B', 'B', 'B', 7, 70),
('21991A0586', 'P. Padmini Prasana', 'A', 'A', 'A', 'A', 'A', 'A', 'A', 'A', 'A', 'A', 9.5, 95),
('21991A0587', 'M. Narendra', 'B', 'B', 'B', 'B', 'B', 'B', 'B', 'B', 'B', 'B', 7, 70),
('21991A0588', 'P. Sowmya', 'A', 'A', 'A', 'A', 'A', 'A', 'A', 'A', 'A', 'A', 9.5, 95),
('21991A0589', 'B. Jogendra Kumar', 'B', 'B', 'B', 'B', 'B', 'B', 'B', 'B', 'B', 'B', 7, 70),
('21991A0590', 'L. Hemalatha', 'A', 'A', 'A', 'A', 'A', 'A', 'A', 'A', 'A', 'A', 9.5, 95),
('21991A0591', 'K. Vinay', 'B', 'B', 'B', 'B', 'B', 'B', 'B', 'B', 'B', 'B', 7, 70),
('21991A0592', 'Y. Narendra', 'A', 'A', 'A', 'A', 'A', 'A', 'A', 'A', 'A', 'A', 9.5, 95),
('21991A0593', 'B. Sandeep', 'B', 'B', 'B', 'B', 'B', 'B', 'B', 'B', 'B', 'B', 7, 70),
('21991A0594', 'B. Aiswarya', 'A', 'A', 'A', 'A', 'A', 'A', 'A', 'A', 'A', 'A', 9.5, 95),
('21991A0595', 'P. Ganesh', 'B', 'B', 'B', 'B', 'B', 'B', 'B', 'B', 'B', 'B', 7, 70),
('21991A0596', 'A. Akshitha', 'A', 'A', 'A', 'A', 'A', 'A', 'A', 'A', 'A', 'A', 9.5, 95),
('21991A0597', 'S. Kuladeep Yadav', 'B', 'B', 'B', 'B', 'B', 'B', 'B', 'B', 'B', 'B', 7, 70),
('21991A0598', 'K. Ganesh', 'A', 'A', 'A', 'A', 'A', 'A', 'A', 'A', 'A', 'A', 9.5, 95),
('21991A0599', 'L. Ravi Kumar', 'B', 'B', 'B', 'B', 'B', 'B', 'B', 'B', 'B', 'B', 7, 70),
('21991A05A0', 'B. Nikhil', 'A', 'A', 'A', 'A', 'A', 'A', 'A', 'A', 'A', 'A', 9.5, 95),
('21991A05A1', 'S. Nikhila', 'B', 'B', 'B', 'B', 'B', 'B', 'B', 'B', 'B', 'B', 7, 70),
('21991A05A2', 'K. Saiheemanth', 'A', 'A', 'A', 'A', 'A', 'A', 'A', 'A', 'A', 'A', 9.5, 95),
('22995A0501', 'Ch. Jeevith', 'B', 'B', 'B', 'B', 'B', 'B', 'B', 'B', 'B', 'B', 7, 70),
('22995A0504', 'N. Saikrishna', 'A', 'A', 'A', 'A', 'A', 'A', 'A', 'A', 'A', 'A', 9.5, 95),
('22995A0505', 'D. Tirupathi Rao', 'B', 'B', 'B', 'B', 'B', 'B', 'B', 'B', 'B', 'B', 7, 70),
('22995A0506', 'J. Sai Sashank', 'A', 'A', 'A', 'A', 'A', 'A', 'A', 'A', 'A', 'A', 9.5, 95),
('22995A0507', 'P. Rahul', 'B', 'B', 'B', 'B', 'B', 'B', 'B', 'B', 'B', 'B', 7, 70),
('22995A0508', 'K. Rakesh', 'A', 'A', 'A', 'A', 'A', 'A', 'A', 'A', 'A', 'A', 9.5, 95),
('229950509', 'K. Bharath', 'B', 'B', 'B', 'B', 'B', 'B', 'B', 'B', 'B', 'B', 7, 70),
('22995A0510', 'U. Jagadeesh', 'A', 'A', 'A', 'A', 'A', 'A', 'A', 'A', 'A', 'A', 9.5, 95),
('22995A0511', 'Ch. Tirumala Rao', 'B', 'B', 'B', 'B', 'B', 'B', 'B', 'B', 'B', 'B', 7, 70),
('22995A0512', 'P. Mahesh', 'A', 'A', 'A', 'A', 'A', 'A', 'A', 'A', 'A', 'A', 9.5, 95),
('22995A0513', 'M. Ravi Teja', 'B', 'B', 'B', 'B', 'B', 'B', 'B', 'B', 'B', 'B', 7, 70);

-- --------------------------------------------------------

--
-- Table structure for table `cse_2_2`
--

CREATE TABLE `cse_2_2` (
  `register_number` char(10) NOT NULL,
  `full_name` varchar(20) NOT NULL,
  `Probability_and_Statistics` char(1) DEFAULT NULL,
  `Database_Management_Systems` char(1) DEFAULT NULL,
  `Formal_Languages_and_Automata_Theory` char(1) DEFAULT NULL,
  `Java_Programming` char(1) DEFAULT NULL,
  `Managerial_Economics_and_Financial_Accountancy` char(1) DEFAULT NULL,
  `Database_Management_Systems_Lab` char(1) DEFAULT NULL,
  `R_Programming_Lab` char(1) DEFAULT NULL,
  `Java_Programming_Lab` char(1) DEFAULT NULL,
  `Skill_Orinted_Course_II` char(1) DEFAULT NULL,
  `sgpa` float DEFAULT NULL,
  `percentage` float DEFAULT NULL
) ENGINE=InnoDB DEFAULT CHARSET=utf8mb4;

--
-- Dumping data for table `cse_2_2`
--

INSERT INTO `cse_2_2` (`register_number`, `full_name`, `Probability_and_Statistics`, `Database_Management_Systems`, `Formal_Languages_and_Automata_Theory`, `Java_Programming`, `Managerial_Economics_and_Financial_Accountancy`, `Database_Management_Systems_Lab`, `R_Programming_Lab`, `Java_Programming_Lab`, `Skill_Orinted_Course_II`, `sgpa`, `percentage`) VALUES
('21991A0501', 'K. Manasa', 'B', 'B', 'B', 'B', 'B', 'B', 'B', 'B', 'B', 7, 70),
('21991A0502', 'P. Sai Surya', 'A', 'A', 'A', 'A', 'A', 'A', 'A', 'A', 'A', 9.5, 95),
('21991A0503', 'K. Aswini', 'B', 'B', 'B', 'B', 'B', 'B', 'B', 'B', 'B', 7, 70),
('21991A0504', 'D. Jaya Surya', 'A', 'A', 'A', 'A', 'A', 'A', 'A', 'A', 'A', 9.5, 95),
('21991A0505', 'G. Pujitha', 'B', 'B', 'B', 'B', 'B', 'B', 'B', 'B', 'B', 7, 70),
('21991A0506', 'S. Sandhya Rani', 'A', 'A', 'A', 'A', 'A', 'A', 'A', 'A', 'A', 9.5, 95),
('21991A0507', 'V. Govinda', 'B', 'B', 'B', 'B', 'B', 'B', 'B', 'B', 'B', 7, 70),
('21991A0508', 'L. Ramana', 'A', 'A', 'A', 'A', 'A', 'A', 'A', 'A', 'A', 9.5, 95),
('21991A0509', 'S. Suresh', 'B', 'B', 'B', 'B', 'B', 'B', 'B', 'B', 'B', 7, 70),
('21991A0510', 'B. Geetha', 'A', 'A', 'A', 'A', 'A', 'A', 'A', 'A', 'A', 9.5, 95),
('21991A0511', 'K. Naveen', 'B', 'B', 'B', 'B', 'B', 'B', 'B', 'B', 'B', 7, 70),
('21991A0512', 'S. Neelima', 'A', 'A', 'A', 'A', 'A', 'A', 'A', 'A', 'A', 9.5, 95),
('21991A0513', 'T. Bagya Laxmi', 'B', 'B', 'B', 'B', 'B', 'B', 'B', 'B', 'B', 7, 70),
('21991A0514', 'P. Susmitha', 'A', 'A', 'A', 'A', 'A', 'A', 'A', 'A', 'A', 9.5, 95),
('21991A0515', 'G. Renuka', 'B', 'B', 'B', 'B', 'B', 'B', 'B', 'B', 'B', 7, 70),
('21991A0516', 'G. Indumathi', 'A', 'A', 'A', 'A', 'A', 'A', 'A', 'A', 'A', 9.5, 95),
('21991A0517', 'M. Karteek', 'B', 'B', 'B', 'B', 'B', 'B', 'B', 'B', 'B', 7, 70),
('21991A0518', 'S. Esmani', 'A', 'A', 'A', 'A', 'A', 'A', 'A', 'A', 'A', 9.5, 95),
('21991A0519', 'V. Narayana Kushal', 'B', 'B', 'B', 'B', 'B', 'B', 'B', 'B', 'B', 7, 70),
('21991A0520', 'J. Sai Aditya Vardha', 'A', 'A', 'A', 'A', 'A', 'A', 'A', 'A', 'A', 9.5, 95),
('21991A0521', 'K. Hemanth', 'B', 'B', 'B', 'B', 'B', 'B', 'B', 'B', 'B', 7, 70),
('21991A0522', 'M. Pavithra Devi', 'A', 'A', 'A', 'A', 'A', 'A', 'A', 'A', 'A', 9.5, 95),
('21991A0523', 'B. Manasa', 'B', 'B', 'B', 'B', 'B', 'B', 'B', 'B', 'B', 7, 70),
('21991A0524', 'S. Paresh', 'A', 'A', 'A', 'A', 'A', 'A', 'A', 'A', 'A', 9.5, 95),
('21991A0525', 'V. Premalatha', 'B', 'B', 'B', 'B', 'B', 'B', 'B', 'B', 'B', 7, 70),
('21991A0526', 'S. Sowjanya', 'A', 'A', 'A', 'A', 'A', 'A', 'A', 'A', 'A', 9.5, 95),
('21991A0527', 'B. Simhadri', 'B', 'B', 'B', 'B', 'B', 'B', 'B', 'B', 'B', 7, 70),
('21991A0528', 'E. Praveen', 'A', 'A', 'A', 'A', 'A', 'A', 'A', 'A', 'A', 9.5, 95),
('21991A0529', 'K. Ankitha', 'B', 'B', 'B', 'B', 'B', 'B', 'B', 'B', 'B', 7, 70),
('21991A0530', 'Ch. Lavanya', 'A', 'A', 'A', 'A', 'A', 'A', 'A', 'A', 'A', 9.5, 95),
('21991A0531', 'D. Anil', 'B', 'B', 'B', 'B', 'B', 'B', 'B', 'B', 'B', 7, 70),
('21991A0532', 'G. Krishna Vamsi', 'A', 'A', 'A', 'A', 'A', 'A', 'A', 'A', 'A', 9.5, 95),
('21991A0533', 'N. Lokesh', 'B', 'B', 'B', 'B', 'B', 'B', 'B', 'B', 'B', 7, 70),
('21991A0534', 'D. Vasu', 'A', 'A', 'A', 'A', 'A', 'A', 'A', 'A', 'A', 9.5, 95),
('21991A0535', 'S. Ganesh', 'B', 'B', 'B', 'B', 'B', 'B', 'B', 'B', 'B', 7, 70),
('21991A0536', 'N. Manmadharao', 'A', 'A', 'A', 'A', 'A', 'A', 'A', 'A', 'A', 9.5, 95),
('21991A0537', 'L. Kavya', 'B', 'B', 'B', 'B', 'B', 'B', 'B', 'B', 'B', 7, 70),
('21991A0538', 'K. Lavanya', 'A', 'A', 'A', 'A', 'A', 'A', 'A', 'A', 'A', 9.5, 95),
('21991A0539', 'G. Sumanth Varma', 'B', 'B', 'B', 'B', 'B', 'B', 'B', 'B', 'B', 7, 70),
('21991A0540', 'G. Chandrika', 'A', 'A', 'A', 'A', 'A', 'A', 'A', 'A', 'A', 9.5, 95),
('21991A0541', 'L. Durgamma', 'B', 'B', 'B', 'B', 'B', 'B', 'B', 'B', 'B', 7, 70),
('21991A0542', 'V. Chiranjeevi', 'A', 'A', 'A', 'A', 'A', 'A', 'A', 'A', 'A', 9.5, 95),
('21991A0543', 'V. Venu', 'B', 'B', 'B', 'B', 'B', 'B', 'B', 'B', 'B', 7, 70),
('21991A0544', 'N. Lakshmanarao', 'A', 'A', 'A', 'A', 'A', 'A', 'A', 'A', 'A', 9.5, 95),
('21991A0545', 'J. Chandana', 'B', 'B', 'B', 'B', 'B', 'B', 'B', 'B', 'B', 7, 70),
('21991A0546', 'L. Santosamma', 'A', 'A', 'A', 'A', 'A', 'A', 'A', 'A', 'A', 9.5, 95),
('21991A0547', 'P. Sri Tulasi', 'B', 'B', 'B', 'B', 'B', 'B', 'B', 'B', 'B', 7, 70),
('21991A0548', 'Ch. Pavani', 'A', 'A', 'A', 'A', 'A', 'A', 'A', 'A', 'A', 9.5, 95),
('21991A0549', 'B. Sri Sai Praneeth', 'B', 'B', 'B', 'B', 'B', 'B', 'B', 'B', 'B', 7, 70),
('21991A0550', 'M. Sai Sree', 'A', 'A', 'A', 'A', 'A', 'A', 'A', 'A', 'A', 9.5, 95),
('21991A0551', 'M. Sanjay Kumar Naid', 'B', 'B', 'B', 'B', 'B', 'B', 'B', 'B', 'B', 7, 70),
('21991A0552', 'M. Laxmi Gayathri', 'A', 'A', 'A', 'A', 'A', 'A', 'A', 'A', 'A', 9.5, 95),
('21991A0553', 'K. Narendra', 'B', 'B', 'B', 'B', 'B', 'B', 'B', 'B', 'B', 7, 70),
('21991A0554', 'B. Jeevan', 'A', 'A', 'A', 'A', 'A', 'A', 'A', 'A', 'A', 9.5, 95),
('21991A0555', 'A. Prasad', 'B', 'B', 'B', 'B', 'B', 'B', 'B', 'B', 'B', 7, 70),
('21991A0556', 'G. Ramya', 'A', 'A', 'A', 'A', 'A', 'A', 'A', 'A', 'A', 9.5, 95),
('21991A0557', 'T. Sai Nithin', 'B', 'B', 'B', 'B', 'B', 'B', 'B', 'B', 'B', 7, 70),
('21991A0558', 'P. Murari', 'A', 'A', 'A', 'A', 'A', 'A', 'A', 'A', 'A', 9.5, 95),
('21991A0559', 'P. Venkatesh', 'B', 'B', 'B', 'B', 'B', 'B', 'B', 'B', 'B', 7, 70),
('21991A0560', 'L. Abhishek', 'A', 'A', 'A', 'A', 'A', 'A', 'A', 'A', 'A', 9.5, 95),
('21991A0561', 'N. Mohan', 'B', 'B', 'B', 'B', 'B', 'B', 'B', 'B', 'B', 7, 70),
('21991A0562', 'P. Mohan Raju', 'A', 'A', 'A', 'A', 'A', 'A', 'A', 'A', 'A', 9.5, 95),
('21991A0563', 'S. Leela Prasad', 'B', 'B', 'B', 'B', 'B', 'B', 'B', 'B', 'B', 7, 70),
('21991A0564', 'B. Sirisha', 'A', 'A', 'A', 'A', 'A', 'A', 'A', 'A', 'A', 9.5, 95),
('21991A0565', 'G. Sravani', 'B', 'B', 'B', 'B', 'B', 'B', 'B', 'B', 'B', 7, 70),
('21991A0566', 'K. Sirisha', 'A', 'A', 'A', 'A', 'A', 'A', 'A', 'A', 'A', 9.5, 95),
('21991A0567', 'K. Durga Prasad', 'B', 'B', 'B', 'B', 'B', 'B', 'B', 'B', 'B', 7, 70),
('21991A0568', 'B. Sahithi Supriya', 'A', 'A', 'A', 'A', 'A', 'A', 'A', 'A', 'A', 9.5, 95),
('21991A0569', 'G. Lalitha', 'B', 'B', 'B', 'B', 'B', 'B', 'B', 'B', 'B', 7, 70),
('21991A0570', 'M. Sravani', 'A', 'A', 'A', 'A', 'A', 'A', 'A', 'A', 'A', 9.5, 95),
('21991A0571', 'Ch. Sai Saranya', 'B', 'B', 'B', 'B', 'B', 'B', 'B', 'B', 'B', 7, 70),
('21991A0572', 'P. Lokesh', 'A', 'A', 'A', 'A', 'A', 'A', 'A', 'A', 'A', 9.5, 95),
('21991A0573', 'Y. Pawan Kumar', 'B', 'B', 'B', 'B', 'B', 'B', 'B', 'B', 'B', 7, 70),
('21991A0574', 'K. Nikhitha', 'A', 'A', 'A', 'A', 'A', 'A', 'A', 'A', 'A', 9.5, 95),
('21991A0575', 'G. Vamsi', 'B', 'B', 'B', 'B', 'B', 'B', 'B', 'B', 'B', 7, 70),
('21991A0576', 'B. Teja', 'A', 'A', 'A', 'A', 'A', 'A', 'A', 'A', 'A', 9.5, 95),
('21991A0577', 'Ch. Rupavathi', 'B', 'B', 'B', 'B', 'B', 'B', 'B', 'B', 'B', 7, 70),
('21991A0578', 'B. Sandeep', 'A', 'A', 'A', 'A', 'A', 'A', 'A', 'A', 'A', 9.5, 95),
('21991A0579', 'V. Jyothi', 'B', 'B', 'B', 'B', 'B', 'B', 'B', 'B', 'B', 7, 70),
('21991A0581', 'T. Sai Kiran', 'A', 'A', 'A', 'A', 'A', 'A', 'A', 'A', 'A', 9.5, 95),
('21991A0582', 'K. Hemalatha', 'B', 'B', 'B', 'B', 'B', 'B', 'B', 'B', 'B', 7, 70),
('21991A0583', 'T. Mohan', 'A', 'A', 'A', 'A', 'A', 'A', 'A', 'A', 'A', 9.5, 95),
('21991A0584', 'Y. Prajwala', 'B', 'B', 'B', 'B', 'B', 'B', 'B', 'B', 'B', 7, 70),
('21991A0585', 'B. Bhavani', 'A', 'A', 'A', 'A', 'A', 'A', 'A', 'A', 'A', 9.5, 95),
('21991A0586', 'P. Padmini Prasana', 'B', 'B', 'B', 'B', 'B', 'B', 'B', 'B', 'B', 7, 70),
('21991A0587', 'M. Narendra', 'A', 'A', 'A', 'A', 'A', 'A', 'A', 'A', 'A', 9.5, 95),
('21991A0588', 'P. Sowmya', 'B', 'B', 'B', 'B', 'B', 'B', 'B', 'B', 'B', 7, 70),
('21991A0589', 'B. Jogendra Kumar', 'A', 'A', 'A', 'A', 'A', 'A', 'A', 'A', 'A', 9.5, 95),
('21991A0590', 'L. Hemalatha', 'B', 'B', 'B', 'B', 'B', 'B', 'B', 'B', 'B', 7, 70),
('21991A0591', 'K. Vinay', 'A', 'A', 'A', 'A', 'A', 'A', 'A', 'A', 'A', 9.5, 95),
('21991A0592', 'Y. Narendra', 'B', 'B', 'B', 'B', 'B', 'B', 'B', 'B', 'B', 7, 70),
('21991A0593', 'B. Sandeep', 'A', 'A', 'A', 'A', 'A', 'A', 'A', 'A', 'A', 9.5, 95),
('21991A0594', 'B. Aiswarya', 'B', 'B', 'B', 'B', 'B', 'B', 'B', 'B', 'B', 7, 70),
('21991A0595', 'P. Ganesh', 'A', 'A', 'A', 'A', 'A', 'A', 'A', 'A', 'A', 9.5, 95),
('21991A0596', 'A. Akshitha', 'B', 'B', 'B', 'B', 'B', 'B', 'B', 'B', 'B', 7, 70),
('21991A0597', 'S. Kuladeep Yadav', 'A', 'A', 'A', 'A', 'A', 'A', 'A', 'A', 'A', 9.5, 95),
('21991A0598', 'K. Ganesh', 'B', 'B', 'B', 'B', 'B', 'B', 'B', 'B', 'B', 7, 70),
('21991A0599', 'L. Ravi Kumar', 'A', 'A', 'A', 'A', 'A', 'A', 'A', 'A', 'A', 9.5, 95),
('21991A05A0', 'B. Nikhil', 'B', 'B', 'B', 'B', 'B', 'B', 'B', 'B', 'B', 7, 70),
('21991A05A1', 'S. Nikhila', 'A', 'A', 'A', 'A', 'A', 'A', 'A', 'A', 'A', 9.5, 95),
('21991A05A2', 'K. Saiheemanth', 'B', 'B', 'B', 'B', 'B', 'B', 'B', 'B', 'B', 7, 70),
('22995A0501', 'Ch. Jeevith', 'A', 'A', 'A', 'A', 'A', 'A', 'A', 'A', 'A', 9.5, 95),
('22995A0504', 'N. Saikrishna', 'B', 'B', 'B', 'B', 'B', 'B', 'B', 'B', 'B', 7, 70),
('22995A0505', 'D. Tirupathi Rao', 'A', 'A', 'A', 'A', 'A', 'A', 'A', 'A', 'A', 9.5, 95),
('22995A0506', 'J. Sai Sashank', 'B', 'B', 'B', 'B', 'B', 'B', 'B', 'B', 'B', 7, 70),
('22995A0507', 'P. Rahul', 'A', 'A', 'A', 'A', 'A', 'A', 'A', 'A', 'A', 9.5, 95),
('22995A0508', 'K. Rakesh', 'B', 'B', 'B', 'B', 'B', 'B', 'B', 'B', 'B', 7, 70),
('22995A0509', 'K. Bharath', 'A', 'A', 'A', 'A', 'A', 'A', 'A', 'A', 'A', 9.5, 95),
('22995A0510', 'U. Jagadeesh', 'B', 'B', 'B', 'B', 'B', 'B', 'B', 'B', 'B', 7, 70),
('22995A0511', 'Ch. Tirumala Rao', 'A', 'A', 'A', 'A', 'A', 'A', 'A', 'A', 'A', 9.5, 95),
('22995A0512', 'P. Mahesh', 'B', 'B', 'B', 'B', 'B', 'B', 'B', 'B', 'B', 7, 70),
('22995A0513', 'M. Ravi Teja', 'A', 'A', 'A', 'A', 'A', 'A', 'A', 'A', 'A', 9.5, 95);

-- --------------------------------------------------------

--
-- Table structure for table `cse_3_1`
--

CREATE TABLE `cse_3_1` (
  `register_number` char(10) NOT NULL,
  `full_name` varchar(20) NOT NULL,
  `Computer_Networks` char(1) DEFAULT NULL,
  `Digital_and_Analysis_of_Algorithms` char(1) DEFAULT NULL,
  `Data_Warehousing_and_Data_Mining` char(1) DEFAULT NULL,
  `Open_Elective_I` char(1) DEFAULT NULL,
  `Professional_Elective_I` char(1) DEFAULT NULL,
  `Data_Warehousing_and_Data_Mining_Lab` char(1) DEFAULT NULL,
  `Computer_Networks_Lab` char(1) DEFAULT NULL,
  `Skill_Oriented_Course_III` char(1) DEFAULT NULL,
  `Employability_Skills_I` char(1) DEFAULT NULL,
  `Summer_Internship` char(1) DEFAULT NULL,
  `sgpa` float DEFAULT NULL,
  `percentage` float DEFAULT NULL
) ENGINE=InnoDB DEFAULT CHARSET=utf8mb4;

--
-- Dumping data for table `cse_3_1`
--

INSERT INTO `cse_3_1` (`register_number`, `full_name`, `Computer_Networks`, `Digital_and_Analysis_of_Algorithms`, `Data_Warehousing_and_Data_Mining`, `Open_Elective_I`, `Professional_Elective_I`, `Data_Warehousing_and_Data_Mining_Lab`, `Computer_Networks_Lab`, `Skill_Oriented_Course_III`, `Employability_Skills_I`, `Summer_Internship`, `sgpa`, `percentage`) VALUES
('21991A0501', 'K. Manasa', 'A', 'A', 'A', 'A', 'A', 'A', 'A', 'A', 'A', 'A', 9.5, 95),
('21991A0502', 'P. Sai Surya', 'B', 'B', 'B', 'B', 'B', 'B', 'B', 'B', 'B', 'B', 7, 70),
('21991A0503', 'K. Aswini', 'A', 'A', 'A', 'A', 'A', 'A', 'A', 'A', 'A', 'A', 9.5, 95),
('21991A0504', 'D. Jaya Surya', 'B', 'B', 'B', 'B', 'B', 'B', 'B', 'B', 'B', 'B', 7, 70),
('21991A0505', 'G. Pujitha', 'A', 'A', 'A', 'A', 'A', 'A', 'A', 'A', 'A', 'A', 9.5, 95),
('21991A0506', 'S. Sandhya Rani', 'B', 'B', 'B', 'B', 'B', 'B', 'B', 'B', 'B', 'B', 7, 70),
('21991A0507', 'V. Govinda', 'A', 'A', 'A', 'A', 'A', 'A', 'A', 'A', 'A', 'A', 9.5, 95),
('21991A0508', 'L. Ramana', 'B', 'B', 'B', 'B', 'B', 'B', 'B', 'B', 'B', 'B', 7, 70),
('21991A0509', 'S. Suresh', 'A', 'A', 'A', 'A', 'A', 'A', 'A', 'A', 'A', 'A', 9.5, 95),
('21991A0510', 'B. Geetha', 'B', 'B', 'B', 'B', 'B', 'B', 'B', 'B', 'B', 'B', 7, 70),
('21991A0511', 'K. Naveen', 'A', 'A', 'A', 'A', 'A', 'A', 'A', 'A', 'A', 'A', 9.5, 95),
('21991A0512', 'S. Neelima', 'B', 'B', 'B', 'B', 'B', 'B', 'B', 'B', 'B', 'B', 7, 70),
('21991A0513', 'T. Bagya Laxmi', 'A', 'A', 'A', 'A', 'A', 'A', 'A', 'A', 'A', 'A', 9.5, 95),
('21991A0514', 'P. Susmitha', 'B', 'B', 'B', 'B', 'B', 'B', 'B', 'B', 'B', 'B', 7, 70),
('21991A0515', 'G. Renuka', 'A', 'A', 'A', 'A', 'A', 'A', 'A', 'A', 'A', 'A', 9.5, 95),
('21991A0516', 'G. Indumathi', 'B', 'B', 'B', 'B', 'B', 'B', 'B', 'B', 'B', 'B', 7, 70),
('21991A0517', 'M. Karteek', 'A', 'A', 'A', 'A', 'A', 'A', 'A', 'A', 'A', 'A', 9.5, 95),
('21991A0518', 'S. Esmani', 'B', 'B', 'B', 'B', 'B', 'B', 'B', 'B', 'B', 'B', 7, 70),
('21991A0519', 'V. Narayana Kushal', 'A', 'A', 'A', 'A', 'A', 'A', 'A', 'A', 'A', 'A', 9.5, 95),
('21991A0520', 'J. Sai Aditya Vardha', 'B', 'B', 'B', 'B', 'B', 'B', 'B', 'B', 'B', 'B', 7, 70),
('21991A0521', 'K. Hemanth', 'A', 'A', 'A', 'A', 'A', 'A', 'A', 'A', 'A', 'A', 9.5, 95),
('21991A0522', 'M. Pavithra Devi', 'B', 'B', 'B', 'B', 'B', 'B', 'B', 'B', 'B', 'B', 7, 70),
('21991A0523', 'B. Manasa', 'A', 'A', 'A', 'A', 'A', 'A', 'A', 'A', 'A', 'A', 9.5, 95),
('21991A0524', 'S. Paresh', 'B', 'B', 'B', 'B', 'B', 'B', 'B', 'B', 'B', 'B', 7, 70),
('21991A0525', 'V. Premalatha', 'A', 'A', 'A', 'A', 'A', 'A', 'A', 'A', 'A', 'A', 9.5, 95),
('21991A0526', 'S. Sowjanya', 'B', 'B', 'B', 'B', 'B', 'B', 'B', 'B', 'B', 'B', 7, 70),
('21991A0527', 'B. Simhadri', 'A', 'A', 'A', 'A', 'A', 'A', 'A', 'A', 'A', 'A', 9.5, 95),
('21991A0528', 'E. Praveen', 'B', 'B', 'B', 'B', 'B', 'B', 'B', 'B', 'B', 'B', 7, 70),
('21991A0529', 'K. Ankitha', 'A', 'A', 'A', 'A', 'A', 'A', 'A', 'A', 'A', 'A', 9.5, 95),
('21991A0530', 'Ch. Lavanya', 'B', 'B', 'B', 'B', 'B', 'B', 'B', 'B', 'B', 'B', 7, 70),
('21991A0531', 'D. Anil', 'A', 'A', 'A', 'A', 'A', 'A', 'A', 'A', 'A', 'A', 9.5, 95),
('21991A0532', 'G. Krishna Vamsi', 'B', 'B', 'B', 'B', 'B', 'B', 'B', 'B', 'B', 'B', 7, 70),
('21991A0533', 'N. Lokesh', 'A', 'A', 'A', 'A', 'A', 'A', 'A', 'A', 'A', 'A', 9.5, 95),
('21991A0534', 'D. Vasu', 'B', 'B', 'B', 'B', 'B', 'B', 'B', 'B', 'B', 'B', 7, 70),
('21991A0535', 'S. Ganesh', 'A', 'A', 'A', 'A', 'A', 'A', 'A', 'A', 'A', 'A', 9.5, 95),
('21991A0536', 'N. Manmadharao', 'B', 'B', 'B', 'B', 'B', 'B', 'B', 'B', 'B', 'B', 7, 70),
('21991A0537', 'L. Kavya', 'A', 'A', 'A', 'A', 'A', 'A', 'A', 'A', 'A', 'A', 9.5, 95),
('21991A0538', 'K. Lavanya', 'B', 'B', 'B', 'B', 'B', 'B', 'B', 'B', 'B', 'B', 7, 70),
('21991A0539', 'G. Sumanth Varma', 'A', 'A', 'A', 'A', 'A', 'A', 'A', 'A', 'A', 'A', 9.5, 95),
('21991A0540', 'G. Chandrika', 'B', 'B', 'B', 'B', 'B', 'B', 'B', 'B', 'B', 'B', 7, 70),
('21991A0541', 'L. Durgamma', 'A', 'A', 'A', 'A', 'A', 'A', 'A', 'A', 'A', 'A', 9.5, 95),
('21991A0542', 'V. Chiranjeevi', 'B', 'B', 'B', 'B', 'B', 'B', 'B', 'B', 'B', 'B', 7, 70),
('21991A0543', 'V. Venu', 'A', 'A', 'A', 'A', 'A', 'A', 'A', 'A', 'A', 'A', 9.5, 95),
('21991A0544', 'N. Lakshmanarao', 'B', 'B', 'B', 'B', 'B', 'B', 'B', 'B', 'B', 'B', 7, 70),
('21991A0545', 'J. Chandana', 'A', 'A', 'A', 'A', 'A', 'A', 'A', 'A', 'A', 'A', 9.5, 95),
('21991A0546', 'L. Santosamma', 'B', 'B', 'B', 'B', 'B', 'B', 'B', 'B', 'B', 'B', 7, 70),
('21991A0547', 'P. Sri Tulasi', 'A', 'A', 'A', 'A', 'A', 'A', 'A', 'A', 'A', 'A', 9.5, 95),
('21991A0548', 'Ch. Pavani', 'B', 'B', 'B', 'B', 'B', 'B', 'B', 'B', 'B', 'B', 7, 70),
('21991A0549', 'B. Sri Sai Praneeth', 'A', 'A', 'A', 'A', 'A', 'A', 'A', 'A', 'A', 'A', 9.5, 95),
('21991A0550', 'M. Sai Sree', 'B', 'B', 'B', 'B', 'B', 'B', 'B', 'B', 'B', 'B', 7, 70),
('21991A0551', 'M. Sanjay Kumar Naid', 'A', 'A', 'A', 'A', 'A', 'A', 'A', 'A', 'A', 'A', 9.5, 95),
('21991A0552', 'M. Laxmi Gayathri', 'B', 'B', 'B', 'B', 'B', 'B', 'B', 'B', 'B', 'B', 7, 70),
('21991A0553', 'K. Narendra', 'A', 'A', 'A', 'A', 'A', 'A', 'A', 'A', 'A', 'A', 9.5, 95),
('21991A0554', 'B. Jeevan', 'B', 'B', 'B', 'B', 'B', 'B', 'B', 'B', 'B', 'B', 7, 70),
('21991A0555', 'A. Prasad', 'A', 'A', 'A', 'A', 'A', 'A', 'A', 'A', 'A', 'A', 9.5, 95),
('21991A0556', 'G. Ramya', 'B', 'B', 'B', 'B', 'B', 'B', 'B', 'B', 'B', 'B', 7, 70),
('21991A0557', 'T. Sai Nithin', 'A', 'A', 'A', 'A', 'A', 'A', 'A', 'A', 'A', 'A', 9.5, 95),
('21991A0558', 'P. Murari', 'B', 'B', 'B', 'B', 'B', 'B', 'B', 'B', 'B', 'B', 7, 70),
('21991A0559', 'P. Venkatesh', 'A', 'A', 'A', 'A', 'A', 'A', 'A', 'A', 'A', 'A', 9.5, 95),
('21991A0560', 'L. Abhishek', 'B', 'B', 'B', 'B', 'B', 'B', 'B', 'B', 'B', 'B', 7, 70),
('21991A0561', 'N. Mohan', 'A', 'A', 'A', 'A', 'A', 'A', 'A', 'A', 'A', 'A', 9.5, 95),
('21991A0562', 'P. Mohan Raju', 'B', 'B', 'B', 'B', 'B', 'B', 'B', 'B', 'B', 'B', 7, 70),
('21991A0563', 'S. Leela Prasad', 'A', 'A', 'A', 'A', 'A', 'A', 'A', 'A', 'A', 'A', 9.5, 95),
('21991A0564', 'B. Sirisha', 'B', 'B', 'B', 'B', 'B', 'B', 'B', 'B', 'B', 'B', 7, 70),
('21991A0565', 'G. Sravani', 'A', 'A', 'A', 'A', 'A', 'A', 'A', 'A', 'A', 'A', 9.5, 95),
('21991A0566', 'K. Sirisha', 'B', 'B', 'B', 'B', 'B', 'B', 'B', 'B', 'B', 'B', 7, 70),
('21991A0567', 'K. Durga Prasad', 'A', 'A', 'A', 'A', 'A', 'A', 'A', 'A', 'A', 'A', 9.5, 95),
('21991A0568', 'B. Sahithi Supriya', 'B', 'B', 'B', 'B', 'B', 'B', 'B', 'B', 'B', 'B', 7, 70),
('21991A0569', 'G. Lalitha', 'A', 'A', 'A', 'A', 'A', 'A', 'A', 'A', 'A', 'A', 9.5, 95),
('21991A0570', 'M. Sravani', 'B', 'B', 'B', 'B', 'B', 'B', 'B', 'B', 'B', 'B', 7, 70),
('21991A0571', 'Ch. Sai Saranya', 'A', 'A', 'A', 'A', 'A', 'A', 'A', 'A', 'A', 'A', 9.5, 95),
('21991A0572', 'P. Lokesh', 'B', 'B', 'B', 'B', 'B', 'B', 'B', 'B', 'B', 'B', 7, 70),
('21991A0573', 'Y. Pawan Kumar', 'A', 'A', 'A', 'A', 'A', 'A', 'A', 'A', 'A', 'A', 9.5, 95),
('21991A0574', 'K. Nikhitha', 'B', 'B', 'B', 'B', 'B', 'B', 'B', 'B', 'B', 'B', 7, 70),
('21991A0575', 'G. Vamsi', 'A', 'A', 'A', 'A', 'A', 'A', 'A', 'A', 'A', 'A', 9.5, 95),
('21991A0576', 'B. Teja', 'B', 'B', 'B', 'B', 'B', 'B', 'B', 'B', 'B', 'B', 7, 70),
('21991A0577', 'Ch. Rupavathi', 'A', 'A', 'A', 'A', 'A', 'A', 'A', 'A', 'A', 'A', 9.5, 95),
('21991A0578', 'B. Sandeep', 'B', 'B', 'B', 'B', 'B', 'B', 'B', 'B', 'B', 'B', 7, 70),
('21991A0579', 'V. Jyothi', 'A', 'A', 'A', 'A', 'A', 'A', 'A', 'A', 'A', 'A', 9.5, 95),
('21991A0581', 'T. Sai Kiran', 'B', 'B', 'B', 'B', 'B', 'B', 'B', 'B', 'B', 'B', 7, 70),
('21991A0582', 'K. Hemalatha', 'A', 'A', 'A', 'A', 'A', 'A', 'A', 'A', 'A', 'A', 9.5, 95),
('21991A0583', 'T. Mohan', 'B', 'B', 'B', 'B', 'B', 'B', 'B', 'B', 'B', 'B', 7, 70),
('21991A0584', 'Y. Prajwala', 'A', 'A', 'A', 'A', 'A', 'A', 'A', 'A', 'A', 'A', 9.5, 95),
('21991A0585', 'B. Bhavani', 'B', 'B', 'B', 'B', 'B', 'B', 'B', 'B', 'B', 'B', 7, 70),
('21991A0586', 'P. Padmini Prasana', 'A', 'A', 'A', 'A', 'A', 'A', 'A', 'A', 'A', 'A', 9.5, 95),
('21991A0587', 'M. Narendra', 'B', 'B', 'B', 'B', 'B', 'B', 'B', 'B', 'B', 'B', 7, 70),
('21991A0588', 'P. Sowmya', 'A', 'A', 'A', 'A', 'A', 'A', 'A', 'A', 'A', 'A', 9.5, 95),
('21991A0589', 'B. Jogendra Kumar', 'B', 'B', 'B', 'B', 'B', 'B', 'B', 'B', 'B', 'B', 7, 70),
('21991A0590', 'L. Hemalatha', 'A', 'A', 'A', 'A', 'A', 'A', 'A', 'A', 'A', 'A', 9.5, 95),
('21991A0591', 'K. Vinay', 'B', 'B', 'B', 'B', 'B', 'B', 'B', 'B', 'B', 'B', 7, 70),
('21991A0592', 'Y. Narendra', 'A', 'A', 'A', 'A', 'A', 'A', 'A', 'A', 'A', 'A', 9.5, 95),
('21991A0593', 'B. Sandeep', 'B', 'B', 'B', 'B', 'B', 'B', 'B', 'B', 'B', 'B', 7, 70),
('21991A0594', 'B. Aiswarya', 'A', 'A', 'A', 'A', 'A', 'A', 'A', 'A', 'A', 'A', 9.5, 95),
('21991A0595', 'P. Ganesh', 'B', 'B', 'B', 'B', 'B', 'B', 'B', 'B', 'B', 'B', 7, 70),
('21991A0596', 'A. Akshitha', 'A', 'A', 'A', 'A', 'A', 'A', 'A', 'A', 'A', 'A', 9.5, 95),
('21991A0597', 'S. Kuladeep Yadav', 'B', 'B', 'B', 'B', 'B', 'B', 'B', 'B', 'B', 'B', 7, 70),
('21991A0598', 'K. Ganesh', 'A', 'A', 'A', 'A', 'A', 'A', 'A', 'A', 'A', 'A', 9.5, 95),
('21991A0599', 'L. Ravi Kumar', 'B', 'B', 'B', 'B', 'B', 'B', 'B', 'B', 'B', 'B', 7, 70),
('21991A05A0', 'B. Nikhil', 'A', 'A', 'A', 'A', 'A', 'A', 'A', 'A', 'A', 'A', 9.5, 95),
('21991A05A1', 'S. Nikhila', 'B', 'B', 'B', 'B', 'B', 'B', 'B', 'B', 'B', 'B', 7, 70),
('21991A05A2', 'K. Saiheemanth', 'A', 'A', 'A', 'A', 'A', 'A', 'A', 'A', 'A', 'A', 9.5, 95),
('22995A0501', 'Ch. Jeevith', 'B', 'B', 'B', 'B', 'B', 'B', 'B', 'B', 'B', 'B', 7, 70),
('22995A0504', 'N. Saikrishna', 'A', 'A', 'A', 'A', 'A', 'A', 'A', 'A', 'A', 'A', 9.5, 95),
('22995A0505', 'D. Tirupathi Rao', 'B', 'B', 'B', 'B', 'B', 'B', 'B', 'B', 'B', 'B', 7, 70),
('22995A0506', 'J. Sai Sashank', 'A', 'A', 'A', 'A', 'A', 'A', 'A', 'A', 'A', 'A', 9.5, 95),
('22995A0507', 'P. Rahul', 'B', 'B', 'B', 'B', 'B', 'B', 'B', 'B', 'B', 'B', 7, 70),
('22995A0508', 'K. Rakesh', 'A', 'A', 'A', 'A', 'A', 'A', 'A', 'A', 'A', 'A', 9.5, 95),
('22995A0509', 'K. Bharath', 'B', 'B', 'B', 'B', 'B', 'B', 'B', 'B', 'B', 'B', 7, 70),
('22995A0510', 'U. Jagadeesh', 'A', 'A', 'A', 'A', 'A', 'A', 'A', 'A', 'A', 'A', 9.5, 95),
('22995A0511', 'Ch. Tirumala Rao', 'B', 'B', 'B', 'B', 'B', 'B', 'B', 'B', 'B', 'B', 7, 70),
('22995A0512', 'P. Mahesh', 'A', 'A', 'A', 'A', 'A', 'A', 'A', 'A', 'A', 'A', 9.5, 95),
('22995A0513', 'M. Ravi Teja', 'B', 'B', 'B', 'B', 'B', 'B', 'B', 'B', 'B', 'B', 7, 70);

-- --------------------------------------------------------

--
-- Table structure for table `cse_3_2`
--

CREATE TABLE `cse_3_2` (
  `register_number` char(10) NOT NULL,
  `full_name` varchar(20) NOT NULL,
  `Machine_Learning` char(1) DEFAULT NULL,
  `Compiler_Design` char(1) DEFAULT NULL,
  `Cryptography_and_Network_Security` char(1) DEFAULT NULL,
  `Open_Elective_II` char(1) DEFAULT NULL,
  `Professional_Elective_II` char(1) DEFAULT NULL,
  `Machine_Learning_using_Python_Lab` char(1) DEFAULT NULL,
  `Compiler_Desigh_Lab` char(1) DEFAULT NULL,
  `Cryptography_and_Network_Security_Lab` char(1) DEFAULT NULL,
  `Skill_Oriented_Course_III` char(1) DEFAULT NULL,
  `Employability_Skills_I` char(1) DEFAULT NULL,
  `sgpa` float DEFAULT NULL,
  `percentage` float DEFAULT NULL
) ENGINE=InnoDB DEFAULT CHARSET=utf8mb4;

--
-- Dumping data for table `cse_3_2`
--

INSERT INTO `cse_3_2` (`register_number`, `full_name`, `Machine_Learning`, `Compiler_Design`, `Cryptography_and_Network_Security`, `Open_Elective_II`, `Professional_Elective_II`, `Machine_Learning_using_Python_Lab`, `Compiler_Desigh_Lab`, `Cryptography_and_Network_Security_Lab`, `Skill_Oriented_Course_III`, `Employability_Skills_I`, `sgpa`, `percentage`) VALUES
('21991A0501', 'K. Manasa', 'A', 'A', 'A', 'A', 'A', 'A', 'A', 'A', 'A', 'A', 9.5, 95),
('21991A0502', 'P. Sai Surya', 'B', 'B', 'B', 'B', 'B', 'B', 'B', 'B', 'B', 'B', 7, 70),
('21991A0503', 'K. Aswini', 'A', 'A', 'A', 'A', 'A', 'A', 'A', 'A', 'A', 'A', 9.5, 95),
('21991A0504', 'D. Jaya Surya', 'B', 'B', 'B', 'B', 'B', 'B', 'B', 'B', 'B', 'B', 7, 70),
('21991A0505', 'G. Pujitha', 'A', 'A', 'A', 'A', 'A', 'A', 'A', 'A', 'A', 'A', 9.5, 95),
('21991A0506', 'S. Sandhya Rani', 'B', 'B', 'B', 'B', 'B', 'B', 'B', 'B', 'B', 'B', 7, 70),
('21991A0507', 'V. Govinda', 'A', 'A', 'A', 'A', 'A', 'A', 'A', 'A', 'A', 'A', 9.5, 95),
('21991A0508', 'L. Ramana', 'B', 'B', 'B', 'B', 'B', 'B', 'B', 'B', 'B', 'B', 7, 70),
('21991A0509', 'S. Suresh', 'A', 'A', 'A', 'A', 'A', 'A', 'A', 'A', 'A', 'A', 9.5, 95),
('21991A0510', 'B. Geetha', 'B', 'B', 'B', 'B', 'B', 'B', 'B', 'B', 'B', 'B', 7, 70),
('21991A0511', 'K. Naveen', 'A', 'A', 'A', 'A', 'A', 'A', 'A', 'A', 'A', 'A', 9.5, 95),
('21991A0512', 'S. Neelima', 'B', 'B', 'B', 'B', 'B', 'B', 'B', 'B', 'B', 'B', 7, 70),
('21991A0513', 'T. Bagya Laxmi', 'A', 'A', 'A', 'A', 'A', 'A', 'A', 'A', 'A', 'A', 9.5, 95),
('21991A0514', 'P. Susmitha', 'B', 'B', 'B', 'B', 'B', 'B', 'B', 'B', 'B', 'B', 7, 70),
('21991A0515', 'G. Renuka', 'A', 'A', 'A', 'A', 'A', 'A', 'A', 'A', 'A', 'A', 9.5, 95),
('21991A0516', 'G. Indumathi', 'B', 'B', 'B', 'B', 'B', 'B', 'B', 'B', 'B', 'B', 7, 70),
('21991A0517', 'M. Karteek', 'A', 'A', 'A', 'A', 'A', 'A', 'A', 'A', 'A', 'A', 9.5, 95),
('21991A0518', 'S. Esmani', 'B', 'B', 'B', 'B', 'B', 'B', 'B', 'B', 'B', 'B', 7, 70),
('21991A0519', 'V. Narayana Kushal', 'A', 'A', 'A', 'A', 'A', 'A', 'A', 'A', 'A', 'A', 9.5, 95),
('21991A0520', 'J. Sai Aditya Vardha', 'B', 'B', 'B', 'B', 'B', 'B', 'B', 'B', 'B', 'B', 7, 70),
('21991A0521', 'K. Hemanth', 'A', 'A', 'A', 'A', 'A', 'A', 'A', 'A', 'A', 'A', 9.5, 95),
('21991A0522', 'M. Pavithra Devi', 'B', 'B', 'B', 'B', 'B', 'B', 'B', 'B', 'B', 'B', 7, 70),
('21991A0523', 'B. Manasa', 'A', 'A', 'A', 'A', 'A', 'A', 'A', 'A', 'A', 'A', 9.5, 95),
('21991A0524', 'S. Paresh', 'B', 'B', 'B', 'B', 'B', 'B', 'B', 'B', 'B', 'B', 7, 70),
('21991A0525', 'V. Premalatha', 'A', 'A', 'A', 'A', 'A', 'A', 'A', 'A', 'A', 'A', 9.5, 95),
('21991A0526', 'S. Sowjanya', 'B', 'B', 'B', 'B', 'B', 'B', 'B', 'B', 'B', 'B', 7, 70),
('21991A0527', 'B. Simhadri', 'A', 'A', 'A', 'A', 'A', 'A', 'A', 'A', 'A', 'A', 9.5, 95),
('21991A0528', 'E. Praveen', 'B', 'B', 'B', 'B', 'B', 'B', 'B', 'B', 'B', 'B', 7, 70),
('21991A0529', 'K. Ankitha', 'A', 'A', 'A', 'A', 'A', 'A', 'A', 'A', 'A', 'A', 9.5, 95),
('21991A0530', 'Ch. Lavanya', 'B', 'B', 'B', 'B', 'B', 'B', 'B', 'B', 'B', 'B', 7, 70),
('21991A0531', 'D. Anil', 'A', 'A', 'A', 'A', 'A', 'A', 'A', 'A', 'A', 'A', 9.5, 95),
('21991A0532', 'G. Krishna Vamsi', 'B', 'B', 'B', 'B', 'B', 'B', 'B', 'B', 'B', 'B', 7, 70),
('21991A0533', 'N. Lokesh', 'A', 'A', 'A', 'A', 'A', 'A', 'A', 'A', 'A', 'A', 9.5, 95),
('21991A0534', 'D. Vasu', 'B', 'B', 'B', 'B', 'B', 'B', 'B', 'B', 'B', 'B', 7, 70),
('21991A0535', 'S. Ganesh', 'A', 'A', 'A', 'A', 'A', 'A', 'A', 'A', 'A', 'A', 9.5, 95),
('21991A0536', 'N. Manmadharao', 'B', 'B', 'B', 'B', 'B', 'B', 'B', 'B', 'B', 'B', 7, 70),
('21991A0537', 'L. Kavya', 'A', 'A', 'A', 'A', 'A', 'A', 'A', 'A', 'A', 'A', 9.5, 95),
('21991A0538', 'K. Lavanya', 'B', 'B', 'B', 'B', 'B', 'B', 'B', 'B', 'B', 'B', 7, 70),
('21991A0539', 'G. Sumanth Varma', 'A', 'A', 'A', 'A', 'A', 'A', 'A', 'A', 'A', 'A', 9.5, 95),
('21991A0540', 'G. Chandrika', 'B', 'B', 'B', 'B', 'B', 'B', 'B', 'B', 'B', 'B', 7, 70),
('21991A0541', 'L. Durgamma', 'A', 'A', 'A', 'A', 'A', 'A', 'A', 'A', 'A', 'A', 9.5, 95),
('21991A0542', 'V. Chiranjeevi', 'B', 'B', 'B', 'B', 'B', 'B', 'B', 'B', 'B', 'B', 7, 70),
('21991A0543', 'V. Venu', 'A', 'A', 'A', 'A', 'A', 'A', 'A', 'A', 'A', 'A', 9.5, 95),
('21991A0544', 'N. Lakshmanarao', 'B', 'B', 'B', 'B', 'B', 'B', 'B', 'B', 'B', 'B', 7, 70),
('21991A0545', 'J. Chandana', 'A', 'A', 'A', 'A', 'A', 'A', 'A', 'A', 'A', 'A', 9.5, 95),
('21991A0546', 'L. Santosamma', 'B', 'B', 'B', 'B', 'B', 'B', 'B', 'B', 'B', 'B', 7, 70),
('21991A0547', 'P. Sri Tulasi', 'A', 'A', 'A', 'A', 'A', 'A', 'A', 'A', 'A', 'A', 9.5, 95),
('21991A0548', 'Ch. Pavani', 'B', 'B', 'B', 'B', 'B', 'B', 'B', 'B', 'B', 'B', 7, 70),
('21991A0549', 'B. Sri Sai Praneeth', 'A', 'A', 'A', 'A', 'A', 'A', 'A', 'A', 'A', 'A', 9.5, 95),
('21991A0550', 'M. Sai Sree', 'B', 'B', 'B', 'B', 'B', 'B', 'B', 'B', 'B', 'B', 7, 70),
('21991A0551', 'M. Sanjay Kumar Naid', 'A', 'A', 'A', 'A', 'A', 'A', 'A', 'A', 'A', 'A', 9.5, 95),
('21991A0552', 'M. Laxmi Gayathri', 'B', 'B', 'B', 'B', 'B', 'B', 'B', 'B', 'B', 'B', 7, 70),
('21991A0553', 'K. Narendra', 'A', 'A', 'A', 'A', 'A', 'A', 'A', 'A', 'A', 'A', 9.5, 95),
('21991A0554', 'B. Jeevan', 'B', 'B', 'B', 'B', 'B', 'B', 'B', 'B', 'B', 'B', 7, 70),
('21991A0555', 'A. Prasad', 'A', 'A', 'A', 'A', 'A', 'A', 'A', 'A', 'A', 'A', 9.5, 95),
('21991A0556', 'G. Ramya', 'B', 'B', 'B', 'B', 'B', 'B', 'B', 'B', 'B', 'B', 7, 70),
('21991A0557', 'T. Sai Nithin', 'A', 'A', 'A', 'A', 'A', 'A', 'A', 'A', 'A', 'A', 9.5, 95),
('21991A0558', 'P. Murari', 'B', 'B', 'B', 'B', 'B', 'B', 'B', 'B', 'B', 'B', 7, 70),
('21991A0559', 'P. Venkatesh', 'A', 'A', 'A', 'A', 'A', 'A', 'A', 'A', 'A', 'A', 9.5, 95),
('21991A0560', 'L. Abhishek', 'B', 'B', 'B', 'B', 'B', 'B', 'B', 'B', 'B', 'B', 7, 70),
('21991A0561', 'N. Mohan', 'A', 'A', 'A', 'A', 'A', 'A', 'A', 'A', 'A', 'A', 9.5, 95),
('21991A0562', 'P. Mohan Raju', 'B', 'B', 'B', 'B', 'B', 'B', 'B', 'B', 'B', 'B', 7, 70),
('21991A0563', 'S. Leela Prasad', 'A', 'A', 'A', 'A', 'A', 'A', 'A', 'A', 'A', 'A', 9.5, 95),
('21991A0564', 'B. Sirisha', 'B', 'B', 'B', 'B', 'B', 'B', 'B', 'B', 'B', 'B', 7, 70),
('21991A0565', 'G. Sravani', 'A', 'A', 'A', 'A', 'A', 'A', 'A', 'A', 'A', 'A', 9.5, 95),
('21991A0566', 'K. Sirisha', 'B', 'B', 'B', 'B', 'B', 'B', 'B', 'B', 'B', 'B', 7, 70),
('21991A0567', 'K. Durga Prasad', 'A', 'A', 'A', 'A', 'A', 'A', 'A', 'A', 'A', 'A', 9.5, 95),
('21991A0568', 'B. Sahithi Supriya', 'B', 'B', 'B', 'B', 'B', 'B', 'B', 'B', 'B', 'B', 7, 70),
('21991A0569', 'G. Lalitha', 'A', 'A', 'A', 'A', 'A', 'A', 'A', 'A', 'A', 'A', 9.5, 95),
('21991A0570', 'M. Sravani', 'B', 'B', 'B', 'B', 'B', 'B', 'B', 'B', 'B', 'B', 7, 70),
('21991A0571', 'Ch. Sai Saranya', 'A', 'A', 'A', 'A', 'A', 'A', 'A', 'A', 'A', 'A', 9.5, 95),
('21991A0572', 'P. Lokesh', 'B', 'B', 'B', 'B', 'B', 'B', 'B', 'B', 'B', 'B', 7, 70),
('21991A0573', 'Y. Pawan Kumar', 'A', 'A', 'A', 'A', 'A', 'A', 'A', 'A', 'A', 'A', 9.5, 95),
('21991A0574', 'K. Nikhitha', 'B', 'B', 'B', 'B', 'B', 'B', 'B', 'B', 'B', 'B', 7, 70),
('21991A0575', 'G. Vamsi', 'A', 'A', 'A', 'A', 'A', 'A', 'A', 'A', 'A', 'A', 9.5, 95),
('21991A0576', 'B. Teja', 'B', 'B', 'B', 'B', 'B', 'B', 'B', 'B', 'B', 'B', 7, 70),
('21991A0577', 'Ch. Rupavathi', 'A', 'A', 'A', 'A', 'A', 'A', 'A', 'A', 'A', 'A', 9.5, 95),
('21991A0578', 'B. Sandeep', 'B', 'B', 'B', 'B', 'B', 'B', 'B', 'B', 'B', 'B', 7, 70),
('21991A0579', 'V. Jyothi', 'A', 'A', 'A', 'A', 'A', 'A', 'A', 'A', 'A', 'A', 9.5, 95),
('21991A0581', 'T. Sai Kiran', 'B', 'B', 'B', 'B', 'B', 'B', 'B', 'B', 'B', 'B', 7, 70),
('21991A0582', 'K. Hemalatha', 'A', 'A', 'A', 'A', 'A', 'A', 'A', 'A', 'A', 'A', 9.5, 95),
('21991A0583', 'T. Mohan', 'B', 'B', 'B', 'B', 'B', 'B', 'B', 'B', 'B', 'B', 7, 70),
('21991A0584', 'Y. Prajwala', 'A', 'A', 'A', 'A', 'A', 'A', 'A', 'A', 'A', 'A', 9.5, 95),
('21991A0585', 'B. Bhavani', 'B', 'B', 'B', 'B', 'B', 'B', 'B', 'B', 'B', 'B', 7, 70),
('21991A0586', 'P. Padmini Prasana', 'A', 'A', 'A', 'A', 'A', 'A', 'A', 'A', 'A', 'A', 9.5, 95),
('21991A0587', 'M. Narendra', 'B', 'B', 'B', 'B', 'B', 'B', 'B', 'B', 'B', 'B', 7, 70),
('21991A0588', 'P. Sowmya', 'A', 'A', 'A', 'A', 'A', 'A', 'A', 'A', 'A', 'A', 9.5, 95),
('21991A0589', 'B. Jogendra Kumar', 'B', 'B', 'B', 'B', 'B', 'B', 'B', 'B', 'B', 'B', 7, 70),
('21991A0590', 'L. Hemalatha', 'A', 'A', 'A', 'A', 'A', 'A', 'A', 'A', 'A', 'A', 9.5, 95),
('21991A0591', 'K. Vinay', 'B', 'B', 'B', 'B', 'B', 'B', 'B', 'B', 'B', 'B', 7, 70),
('21991A0592', 'Y. Narendra', 'A', 'A', 'A', 'A', 'A', 'A', 'A', 'A', 'A', 'A', 9.5, 95),
('21991A0593', 'B. Sandeep', 'B', 'B', 'B', 'B', 'B', 'B', 'B', 'B', 'B', 'B', 7, 70),
('21991A0594', 'B. Aiswarya', 'A', 'A', 'A', 'A', 'A', 'A', 'A', 'A', 'A', 'A', 9.5, 95),
('21991A0595', 'P. Ganesh', 'B', 'B', 'B', 'B', 'B', 'B', 'B', 'B', 'B', 'B', 7, 70),
('21991A0596', 'A. Akshitha', 'A', 'A', 'A', 'A', 'A', 'A', 'A', 'A', 'A', 'A', 9.5, 95),
('21991A0597', 'S. Kuladeep Yadav', 'B', 'B', 'B', 'B', 'B', 'B', 'B', 'B', 'B', 'B', 7, 70),
('21991A0598', 'K. Ganesh', 'A', 'A', 'A', 'A', 'A', 'A', 'A', 'A', 'A', 'A', 9.5, 95),
('21991A0599', 'L. Ravi Kumar', 'B', 'B', 'B', 'B', 'B', 'B', 'B', 'B', 'B', 'B', 7, 70),
('21991A05A0', 'B. Nikhil', 'A', 'A', 'A', 'A', 'A', 'A', 'A', 'A', 'A', 'A', 9.5, 95),
('21991A05A1', 'S. Nikhila', 'B', 'B', 'B', 'B', 'B', 'B', 'B', 'B', 'B', 'B', 7, 70),
('21991A05A2', 'K. Saiheemanth', 'A', 'A', 'A', 'A', 'A', 'A', 'A', 'A', 'A', 'A', 9.5, 95),
('22995A0501', 'Ch. Jeevith', 'B', 'B', 'B', 'B', 'B', 'B', 'B', 'B', 'B', 'B', 7, 70),
('22995A0504', 'N. Saikrishna', 'A', 'A', 'A', 'A', 'A', 'A', 'A', 'A', 'A', 'A', 9.5, 95),
('22995A0505', 'D. Tirupathi Rao', 'B', 'B', 'B', 'B', 'B', 'B', 'B', 'B', 'B', 'B', 7, 70),
('22995A0506', 'J. Sai Sashank', 'A', 'A', 'A', 'A', 'A', 'A', 'A', 'A', 'A', 'A', 9.5, 95),
('22995A0507', 'P. Rahul', 'B', 'B', 'B', 'B', 'B', 'B', 'B', 'B', 'B', 'B', 7, 70),
('22995A0508', 'K. Rakesh', 'A', 'A', 'A', 'A', 'A', 'A', 'A', 'A', 'A', 'A', 9.5, 95),
('22995A0509', 'K. Bharath', 'B', 'B', 'B', 'B', 'B', 'B', 'B', 'B', 'B', 'B', 7, 70),
('22995A0510', 'U. Jagadeesh', 'A', 'A', 'A', 'A', 'A', 'A', 'A', 'A', 'A', 'A', 9.5, 95),
('22995A0511', 'Ch. Tirumala Rao', 'B', 'B', 'B', 'B', 'B', 'B', 'B', 'B', 'B', 'B', 7, 70),
('22995A0512', 'P. Mahesh', 'A', 'A', 'A', 'A', 'A', 'A', 'A', 'A', 'A', 'A', 9.5, 95),
('22995A0513', 'M. Ravi Teja', 'B', 'B', 'B', 'B', 'B', 'B', 'B', 'B', 'B', 'B', 7, 70);

-- --------------------------------------------------------

--
-- Table structure for table `login`
--

CREATE TABLE `login` (
  `username` varchar(20) NOT NULL,
  `password` varchar(10) NOT NULL
) ENGINE=InnoDB DEFAULT CHARSET=latin1;

--
-- Dumping data for table `login`
--

INSERT INTO `login` (`username`, `password`) VALUES
('john', 'john'),
('sravani', 'sravani');
COMMIT;

/*!40101 SET CHARACTER_SET_CLIENT=@OLD_CHARACTER_SET_CLIENT */;
/*!40101 SET CHARACTER_SET_RESULTS=@OLD_CHARACTER_SET_RESULTS */;
/*!40101 SET COLLATION_CONNECTION=@OLD_COLLATION_CONNECTION */;
